{
  "config": {
    "dataset": "cifar100",
    "model": "resnet18",
    "optimizer": "LAKTJU_V9",
    "epochs": 50,
    "batch_size": 128,
    "lr": 0.02,
    "weight_decay": 0.001,
    "seed": 42,
    "save_dir": "./results/v9_round2",
    "data_dir": "./dataset",
    "workers": 2,
    "a_lr_ratio": 0.2,
    "warmup": 100,
    "c_base": 1.0,
    "kappa": 5.0,
    "homotopy_sharpness": 10.0,
    "homotopy_speed": 5.0,
    "kf_damping": 0.001,
    "kf_update_interval": 20,
    "label_smoothing": 0.1,
    "grad_clip": 0.0,
    "sam_rho": 0.03,
    "momentum": 0.9,
    "alpha_kf": 0.0,
    "alpha_adam_kf": 0.0,
    "s_max": 0.7
  },
  "train_loss": [
    4.149672513749865,
    3.650879082573785,
    3.3452405992296006,
    3.0825117150624592,
    2.8690441807217066,
    2.6845627833896213,
    2.5370915607452393,
    2.420042082892524,
    2.3158139932844373,
    2.2389042117648654,
    2.15951225505405,
    2.081766081237793,
    2.0196714874691435,
    1.951713739098443,
    1.8971244580798678,
    1.8391062655554877,
    1.789493527560764,
    1.7254963200039333,
    1.6823695825152927,
    1.6219871608310275,
    1.5824709258821275,
    1.5346026196373834,
    1.4874629212697348,
    1.445965280956692,
    1.3991388068305122,
    1.3662247353659736,
    1.3267274525748358,
    1.2859321861902873,
    1.2576702907562256,
    1.224653254254659,
    1.1976655964745415,
    1.1664962838490804,
    1.1496412240982055,
    1.1262817830615572,
    1.1081290936787924,
    1.088250147459242,
    1.0717220491621229,
    1.054638889948527,
    1.041144316652086,
    1.0278667715708414,
    1.021665390141805,
    1.007089345826043,
    1.0028559721628825,
    0.9964851521809895,
    0.9916822622087267,
    0.9854191492292617,
    0.9827261906941732,
    0.9797757552464803,
    0.978693409898546,
    0.9772867972903782
  ],
  "valid_loss": [
    3.793744448852539,
    3.3551531547546385,
    3.193058878326416,
    3.0527628242492675,
    2.7178909282684325,
    2.5543285278320313,
    2.4559509895324707,
    2.4038432250976562,
    2.253364486694336,
    2.1740679847717286,
    2.132512009811401,
    2.113909135055542,
    2.0071926471710206,
    1.971825131225586,
    1.907965743637085,
    1.9384139450073241,
    1.87128950176239,
    1.881183052444458,
    1.8407655574798585,
    1.8567903388977052,
    1.8650237693786622,
    1.7778814895629882,
    1.781201501274109,
    1.7585404168128966,
    1.7924221113204957,
    1.7548201282501221,
    1.734193743133545,
    1.7577341957092285,
    1.7381246147155762,
    1.7422320873260497,
    1.716536598968506,
    1.7323122337341308,
    1.7234537296295167,
    1.7277459526062011,
    1.7127410396575928,
    1.705756420135498,
    1.6886605606079101,
    1.7038367942810058,
    1.6877602352142334,
    1.6993584489822389,
    1.6879071382522584,
    1.6842366413116454,
    1.693228400039673,
    1.683038062286377,
    1.6836406047821044,
    1.6783502422332763,
    1.6799534049987792,
    1.678660913848877,
    1.673420601463318,
    1.6755693082809449
  ],
  "valid_acc": [
    15.06,
    25.4,
    29.28,
    31.84,
    40.58,
    46.18,
    48.76,
    50.02,
    53.86,
    57.2,
    57.76,
    57.32,
    62.54,
    62.82,
    64.54,
    63.78,
    65.52,
    66.16,
    67.46,
    67.62,
    66.98,
    69.62,
    69.76,
    70.92,
    69.74,
    70.74,
    72.1,
    71.42,
    71.86,
    71.68,
    72.38,
    71.92,
    72.38,
    72.92,
    72.5,
    72.64,
    73.4,
    72.76,
    73.7,
    73.46,
    73.58,
    73.54,
    73.86,
    73.98,
    73.92,
    73.5,
    74.04,
    74.12,
    74.16,
    74.0
  ],
  "test_acc": [
    0.0,
    0.0,
    0.0,
    0.0,
    0.0,
    0.0,
    0.0,
    0.0,
    0.0,
    56.34,
    56.34,
    56.34,
    56.34,
    56.34,
    56.34,
    56.34,
    56.34,
    56.34,
    56.34,
    66.41,
    66.41,
    66.41,
    66.41,
    66.41,
    69.28,
    69.28,
    69.28,
    69.28,
    69.28,
    71.25,
    71.25,
    71.25,
    71.25,
    71.25,
    71.25,
    71.25,
    71.25,
    71.25,
    71.25,
    72.55,
    72.55,
    72.55,
    72.55,
    72.55,
    72.55,
    72.55,
    72.55,
    72.55,
    72.55,
    73.26
  ],
  "epoch_time": [
    135.94301342964172,
    145.26223969459534,
    144.24220442771912,
    145.12065410614014,
    145.16681146621704,
    144.10251450538635,
    145.40390396118164,
    143.69216513633728,
    144.78817510604858,
    147.52189326286316,
    144.5205385684967,
    145.26187372207642,
    144.5906777381897,
    145.29919171333313,
    145.35092043876648,
    144.0773422718048,
    145.68554592132568,
    144.1046805381775,
    145.41700291633606,
    147.68880152702332,
    144.50901651382446,
    145.4669439792633,
    144.1382098197937,
    145.21295142173767,
    148.80603122711182,
    144.5812051296234,
    145.11722207069397,
    144.44825983047485,
    145.76731610298157,
    147.91243815422058,
    144.15185022354126,
    145.38384747505188,
    144.5369770526886,
    145.3819568157196,
    145.39619421958923,
    143.87426686286926,
    145.7550630569458,
    144.5277965068817,
    145.4025685787201,
    147.77940487861633,
    144.66407132148743,
    145.56178545951843,
    144.74165201187134,
    145.61303114891052,
    112.7035710811615,
    92.71423029899597,
    93.0622410774231,
    92.722651720047,
    93.57977890968323,
    95.41662001609802
  ],
  "best_valid_acc": 74.16,
  "best_test_acc": 73.13
}