{
  "config": {
    "dataset": "cifar100",
    "model": "resnet18",
    "optimizer": "LAKTJU_V9",
    "epochs": 50,
    "batch_size": 128,
    "lr": 0.02,
    "weight_decay": 0.001,
    "seed": 42,
    "save_dir": "./results/v9_round2",
    "data_dir": "./dataset",
    "workers": 2,
    "a_lr_ratio": 0.2,
    "warmup": 100,
    "c_base": 1.0,
    "kappa": 5.0,
    "homotopy_sharpness": 10.0,
    "homotopy_speed": 5.0,
    "kf_damping": 0.001,
    "kf_update_interval": 20,
    "label_smoothing": 0.1,
    "grad_clip": 0.0,
    "sam_rho": 0.05,
    "momentum": 0.9,
    "alpha_kf": 0.0,
    "alpha_adam_kf": 0.0,
    "s_max": 0.7
  },
  "train_loss": [
    4.157273184967041,
    3.672973988893297,
    3.3662413342793784,
    3.1037443987104627,
    2.8871073531256783,
    2.700096274312337,
    2.550133983569675,
    2.4322720481448705,
    2.3206590899997286,
    2.2476290215386285,
    2.1684828868018258,
    2.09002012646993,
    2.021740200636122,
    1.9559514721552531,
    1.9066049938201903,
    1.8438322026570637,
    1.78916238439348,
    1.7361033487531874,
    1.6848502184126113,
    1.63011286277771,
    1.5865202117072212,
    1.5396003547880384,
    1.4965325732125176,
    1.4464842358907064,
    1.4053288105010986,
    1.3679443389892578,
    1.332215825949775,
    1.2965641715579563,
    1.2589093549092611,
    1.2299920498106214,
    1.1994215968661839,
    1.1725169091542562,
    1.143825367058648,
    1.1241856836107043,
    1.1035471525404188,
    1.0912279581705728,
    1.070254515838623,
    1.0564992932637534,
    1.043845433362325,
    1.0341534292432997,
    1.0216923971600003,
    1.010268636449178,
    1.0053178818596733,
    0.9980244557062785,
    0.9924985181384617,
    0.9874243662940131,
    0.9846541160583496,
    0.9802967482566833,
    0.9803047941419814,
    0.9808794961717394
  ],
  "valid_loss": [
    3.8225304237365725,
    3.3711174110412596,
    3.207096076202393,
    2.9612012596130373,
    2.7713324054718016,
    2.517542946434021,
    2.410234590911865,
    2.3906725078582762,
    2.297512205505371,
    2.1533725105285644,
    2.1282196601867676,
    2.148146759414673,
    2.037728687286377,
    1.962546363067627,
    1.967049658203125,
    1.9187548431396484,
    1.9086004455566405,
    1.897748403930664,
    1.8583958221435546,
    1.8402125762939454,
    1.8420057678222657,
    1.7751951974868774,
    1.7963637016296388,
    1.751794112968445,
    1.761092132949829,
    1.7465451976776123,
    1.7439308528900146,
    1.7427475053787231,
    1.7115064334869385,
    1.707992678451538,
    1.7066955926895142,
    1.7319974781036378,
    1.7085905012130738,
    1.6927418027877807,
    1.6945338481903076,
    1.6771973669052125,
    1.6896697298049927,
    1.6805478816986084,
    1.6671998807907105,
    1.6693102218627929,
    1.6783757053375243,
    1.6633492687225342,
    1.6624875291824341,
    1.66435407371521,
    1.6592342445373536,
    1.6553700813293457,
    1.6534639806747438,
    1.6546820997238159,
    1.6568150848388672,
    1.6555208702087403
  ],
  "valid_acc": [
    13.82,
    24.38,
    28.22,
    34.26,
    38.72,
    45.78,
    49.04,
    50.0,
    52.28,
    57.16,
    57.82,
    56.94,
    60.76,
    62.78,
    63.46,
    65.04,
    65.9,
    64.76,
    66.68,
    66.94,
    67.5,
    69.98,
    68.4,
    70.08,
    69.56,
    70.92,
    71.06,
    70.66,
    72.22,
    72.28,
    72.38,
    71.9,
    72.5,
    73.26,
    72.52,
    72.68,
    73.3,
    73.34,
    74.2,
    73.5,
    73.42,
    74.0,
    74.06,
    73.82,
    74.02,
    74.26,
    74.4,
    74.24,
    74.5,
    74.38
  ],
  "test_acc": [
    0.0,
    0.0,
    0.0,
    0.0,
    0.0,
    0.0,
    0.0,
    0.0,
    0.0,
    56.05,
    56.05,
    56.05,
    56.05,
    56.05,
    56.05,
    56.05,
    56.05,
    56.05,
    56.05,
    66.55,
    66.55,
    66.55,
    66.55,
    66.55,
    69.55,
    69.55,
    69.55,
    69.55,
    69.55,
    71.38,
    71.38,
    71.38,
    71.38,
    71.38,
    71.38,
    71.38,
    71.38,
    71.38,
    71.38,
    73.18,
    73.18,
    73.18,
    73.18,
    73.18,
    73.18,
    73.18,
    73.18,
    73.18,
    73.18,
    73.77
  ],
  "epoch_time": [
    136.06716346740723,
    145.18973851203918,
    144.14565753936768,
    145.0621657371521,
    145.173978805542,
    144.06078171730042,
    145.37970900535583,
    143.65568113327026,
    144.80934834480286,
    147.50895810127258,
    144.47513842582703,
    145.25660753250122,
    144.71718049049377,
    145.19857549667358,
    145.37645363807678,
    143.98400449752808,
    145.73224472999573,
    144.37669229507446,
    145.43433451652527,
    147.69553184509277,
    144.46206951141357,
    145.29843735694885,
    144.00543308258057,
    145.18756484985352,
    148.6993055343628,
    144.6829695701599,
    144.8160948753357,
    144.37461304664612,
    145.5084707736969,
    147.64301562309265,
    144.51861262321472,
    145.54396080970764,
    144.7093060016632,
    145.50575923919678,
    145.67025089263916,
    143.9705352783203,
    145.34120535850525,
    144.28698468208313,
    145.2208800315857,
    148.07382988929749,
    144.50046133995056,
    145.49806451797485,
    144.51506924629211,
    145.60716795921326,
    110.1566047668457,
    92.30669498443604,
    93.28431963920593,
    92.67277812957764,
    93.3092143535614,
    93.77791714668274
  ],
  "best_valid_acc": 74.5,
  "best_test_acc": 73.64
}