{
  "config": {
    "dataset": "cifar100",
    "model": "resnet18",
    "optimizer": "LAKTJU_V11",
    "epochs": 200,
    "batch_size": 128,
    "lr": 0.001,
    "weight_decay": 0.001,
    "seed": 42,
    "save_dir": "./results/v11_round3",
    "data_dir": "./dataset",
    "workers": 2,
    "a_lr_ratio": null,
    "warmup": 100,
    "c_base": 1.0,
    "kappa": 5.0,
    "homotopy_sharpness": 10.0,
    "homotopy_speed": 2.0,
    "kf_damping": 0.001,
    "kf_update_interval": 20,
    "label_smoothing": 0.1,
    "grad_clip": 0.0,
    "sam_rho": 0.05,
    "momentum": 0.9,
    "alpha_kf": 0.3,
    "alpha_adam_kf": 0.05,
    "s_max": 0.7,
    "kf_warmup": 500,
    "cos_sim_threshold": 0.0
  },
  "train_loss": [
    4.040845129903158,
    3.531332890235053,
    3.1866568960825603,
    2.9048087510850693,
    2.7048116596221923,
    2.5375941936069064,
    2.399091945521037,
    2.293289043765598,
    2.1934149333530004,
    2.118745403967963,
    2.045298077053494,
    1.9727065555996366,
    1.9126777473873562,
    1.8566825826856825,
    1.804300099351671,
    1.7506129643758137,
    1.7098089570787218,
    1.6619406220330133,
    1.6259091725243462,
    1.5745943204667834,
    1.5436315672980414,
    1.515582251909044,
    1.480205176586575,
    1.4432396862665813,
    1.4157627158906725,
    1.3908281515333387,
    1.361835022438897,
    1.333772421836853,
    1.3145308755026923,
    1.2896512422349717,
    1.2705639937930637,
    1.2479267754660712,
    1.2351291954464383,
    1.2226318319532605,
    1.1944801829655964,
    1.189116458935208,
    1.1785657321082221,
    1.159496853235033,
    1.148253444035848,
    1.131895791053772,
    1.1235202429453532,
    1.1203820849312676,
    1.1091040865580242,
    1.0997055054134792,
    1.0860808973736233,
    1.0851804489559598,
    1.0745316044065687,
    1.069888929494222,
    1.0660878269195557,
    1.0541907017601861,
    1.0467092123879327,
    1.0452535083134968,
    1.036884448369344,
    1.0286042090945773,
    1.0270023896535239,
    1.0206910571628147,
    1.0168259810765585,
    1.0175284018410578,
    1.0077337333255343,
    1.0047753957960341,
    0.996967676671346,
    0.9953011203765869,
    0.9922020410961575,
    0.987155357085334,
    0.9841499440087212,
    0.9782985577265422,
    0.9802338653564453,
    0.9747311719682481,
    0.9723136294470893,
    0.9681818302366468,
    0.9673301072862414,
    0.9581838120990329,
    0.9570463079452515,
    0.9605300291697184,
    0.9537482028749255,
    0.9513678398238288,
    0.9488998340818617,
    0.9438376967430114,
    0.9433791602346632,
    0.9410082653257582,
    0.9373526001930237,
    0.9371798299471538,
    0.9349519287851121,
    0.9321051625887553,
    0.9292169290754531,
    0.9266932429631551,
    0.9246344956503975,
    0.9266176349110073,
    0.9193561955346001,
    0.9182875912772285,
    0.9147441802130805,
    0.9156385293324788,
    0.9141613867441813,
    0.9127432911872864,
    0.9108389827834236,
    0.9074660711288453,
    0.90934416847229,
    0.9034053384462992,
    0.9035889946513705,
    0.9032987407048543,
    0.9020786931673686,
    0.8978121239556207,
    0.8979422070079379,
    0.8961055632485284,
    0.8933143585628933,
    0.8933797442542182,
    0.8925864607493083,
    0.8884798513412475,
    0.8882461919996474,
    0.886982323996226,
    0.8856012368943956,
    0.8855772598372565,
    0.8837200228691101,
    0.8820115991062588,
    0.8794280086305406,
    0.8796749241405063,
    0.8791764583163791,
    0.877101140361362,
    0.8742784569422404,
    0.8734476730876499,
    0.8746493499649896,
    0.8742985317548116,
    0.8712437709278531,
    0.8704635097079807,
    0.8683328834109836,
    0.8677558490753173,
    0.8666791670057509,
    0.8662970815234714,
    0.8650217314190335,
    0.8654788876321581,
    0.8634783804469638,
    0.8623470977995131,
    0.8616895310084025,
    0.8620585414886475,
    0.8607710523817275,
    0.8585261927922567,
    0.8595373826980591,
    0.857237707095676,
    0.8570525969823202,
    0.8570870178964403,
    0.8545998714552985,
    0.8558895967483521,
    0.8547764078140259,
    0.854324734708998,
    0.8539915228737726,
    0.8510731063842774,
    0.8515100932439168,
    0.8509230850219727,
    0.850219044441647,
    0.8500949887063768,
    0.8488345795207554,
    0.8496053794331021,
    0.8470730321036445,
    0.8474786645995246,
    0.8468877046585083,
    0.8480376598993937,
    0.8466116247389052,
    0.8454545431454976,
    0.8452801724433899,
    0.844780354584588,
    0.8447749419424269,
    0.8447145515441895,
    0.8435956016646491,
    0.8432513114505344,
    0.8427426289240519,
    0.8419203923331366,
    0.8422872208913167,
    0.8430109545177884,
    0.8412341823577881,
    0.8418118245230781,
    0.8421811877356635,
    0.8411963474273682,
    0.8415071637683444,
    0.840276689169142,
    0.8399704754299587,
    0.8395086028416952,
    0.8396474584155612,
    0.8394780696868896,
    0.8403273945914375,
    0.8389056296984355,
    0.8383054660161336,
    0.8386530737876892,
    0.8385261779149373,
    0.8396805725309584,
    0.8386258212725322,
    0.8385792845090231,
    0.8389135118060642,
    0.8379035347302755,
    0.8383897897720337,
    0.837686998240153,
    0.8383142917209201,
    0.8385916092342801,
    0.8384384571499295,
    0.8376302694744534,
    0.8376558711793688,
    0.8374940200275846,
    0.8377400451448228,
    0.837178521463606,
    0.8374811017884148,
    0.8378146953794692
  ],