{
  "config": {
    "dataset": "cifar10",
    "model": "resnet18",
    "optimizer": "LAKTJU_V11",
    "epochs": 200,
    "batch_size": 128,
    "lr": 0.001,
    "weight_decay": 0.001,
    "seed": 42,
    "save_dir": "./results/v11_round3",
    "data_dir": "./dataset",
    "workers": 2,
    "a_lr_ratio": null,
    "warmup": 100,
    "c_base": 1.0,
    "kappa": 5.0,
    "homotopy_sharpness": 10.0,
    "homotopy_speed": 2.0,
    "kf_damping": 0.001,
    "kf_update_interval": 20,
    "label_smoothing": 0.1,
    "grad_clip": 0.0,
    "sam_rho": 0.0,
    "momentum": 0.9,
    "alpha_kf": 0.5,
    "alpha_adam_kf": 0.05,
    "s_max": 0.7,
    "kf_warmup": 500,
    "cos_sim_threshold": 0.0
  },
  "train_loss": [
    1.7369675252066719,
    1.3812706302007038,
    1.2211759693145752,
    1.1247674865086874,
    1.0564460585488213,
    1.0051237567053901,
    0.9671341875076294,
    0.9353711877293057,
    0.9089609429359436,
    0.8807056244532268,
    0.8635123208787706,
    0.8441373664008247,
    0.8288610905117458,
    0.8129314000341628,
    0.7977321706559923,
    0.7896269476572673,
    0.7766077646679348,
    0.7629630730734931,
    0.7538852316644457,
    0.7415298320028517,
    0.7326202159139845,
    0.727540414598253,
    0.7190444090631273,
    0.7108948649300469,
    0.7036300241788228,
    0.6947987855275471,
    0.6900356798489888,
    0.6865684232181973,
    0.6805282225926718,
    0.6721372772428724,
    0.6726361524158054,
    0.6622840934329562,
    0.659058734258016,
    0.6577852521472507,
    0.6494065848456488,
    0.6502754294395446,
    0.6406019556469388,
    0.6409842004564074,
    0.6396407085100809,
    0.6345999571694269,
    0.6305043308152093,
    0.6242294171969096,
    0.6230772333886888,
    0.6213584528393216,
    0.6185800507015652,
    0.6145327578120762,
    0.6150746756871541,
    0.6081295358339945,
    0.607927935886383,
    0.6056361490037706,
    0.6012688124444749,
    0.6017547107484605,
    0.5999130938529968,
    0.5993746260537042,
    0.5974151469336616,
    0.5944522400750054,
    0.5940011821746826,
    0.5907129839791192,
    0.5895271326700846,
    0.5882339626524183,
    0.5834516503863865,
    0.5846472510655721,
    0.5814541026963128,
    0.5794126417054071,
    0.580453418276045,
    0.5796231124666003,
    0.5754244242774116,
    0.5770554418457879,
    0.5725880202611288,
    0.5748308848698934,
    0.573456529712677,
    0.5677881820784675,
    0.5703828050083585,
    0.5658706017706129,
    0.5639032551023695,
    0.5648390403853523,
    0.564717428525289,
    0.5614060653580559,
    0.5638107965151469,
    0.5597473201857672,
    0.5609658233324687,
    0.5596350420951843,
    0.5555800505956014,
    0.5560078705575731,
    0.5562102871682909,
    0.5558574991438124,
    0.5557473848342895,
    0.5523066012064616,
    0.5519121432728238,
    0.5539110623253717,
    0.5514860024134318,
    0.5474888188256157,
    0.5479335123485989,
    0.5501539415041605,
    0.5487834329287211,
    0.545290659014384,
    0.5470583323584662,
    0.5444757588386535,
    0.5455268856048584,
    0.5415057613584731,
    0.5437455241945055,
    0.5437332295205858,
    0.5411806620809767,
    0.540013487900628,
    0.5415969535191854,
    0.5399451607280308,
    0.5385156649801466,
    0.5364845115767585,
    0.5371082348187765,
    0.538920396677653,
    0.5371736279169719,
    0.5372610303560893,
    0.5351706915007697,
    0.5362700299686856,
    0.5349101886749268,
    0.5344101285616557,
    0.531866110780504,
    0.5319943078041076,
    0.5321359636624654,
    0.5317958773083157,
    0.5318068929036458,
    0.5296356670485602,
    0.5290716915978326,
    0.529814863342709,
    0.5310390227847629,
    0.5289652433607314,
    0.5281048522419399,
    0.5283670845137702,
    0.5271485295401679,
    0.5261143255445693,
    0.5276923920207554,
    0.5259424460728963,
    0.5254708900027805,
    0.5244347030851576,
    0.5248018165906271,
    0.5244416098912557,
    0.5244215787993537,
    0.5228060789744059,
    0.5224763577143351,
    0.5238480366494921,
    0.5211579681184557,
    0.5215432109196981,
    0.5218048977957831,
    0.5222572168668111,
    0.5211361400074429,
    0.5211093635453118,
    0.5190541927337646,
    0.5203034959369236,
    0.5189491739167107,
    0.5187295892503526,
    0.5192119788487752,
    0.519813598675198,
    0.5187677140447828,
    0.5188466793378195,
    0.5181207775645786,
    0.5170644179873997,
    0.5185449305110508,
    0.5179877648989359,
    0.5185567240079244,
    0.5159830157174005,
    0.5164060172822741,
    0.5160719570583767,
    0.5165361214955648,
    0.5166077734841241,
    0.5147652996699015,
    0.514744104332394,
    0.5156739637480842,
    0.5155238573074341,
    0.5146773666911655,
    0.5151621803389655,
    0.5144991848521763,
    0.5144561284277174,
    0.5162756563928392,
    0.5155888691902161,
    0.513248135778639,
    0.5142633695814345,
    0.5142814740816752,
    0.5138147338761224,
    0.5141457503848605,
    0.5144568159633213,
    0.5133696786562602,
    0.5137021495501201,
    0.5136562622176276,
    0.5143601822747125,
    0.5136388099246555,
    0.513162198999193,
    0.5133403862423367,
    0.5135842556211684,
    0.5135007534239028,
    0.5127213432417975,
    0.513801897515191,
    0.5138136691623264,
    0.512193671184116,
    0.5133398988511827,
    0.5129821635140313,
    0.5126865039613512,
    0.5128546689775255,
    0.5131686797777811,
    0.5135927950329251,
    0.5126606591330635
  ],