{
  "config": {
    "dataset": "cifar100",
    "model": "resnet18",
    "optimizer": "LAKTJU_V11",
    "epochs": 200,
    "batch_size": 128,
    "lr": 0.001,
    "weight_decay": 0.001,
    "seed": 42,
    "save_dir": "./results/v11_round3",
    "data_dir": "./dataset",
    "workers": 2,
    "a_lr_ratio": null,
    "warmup": 100,
    "c_base": 1.0,
    "kappa": 5.0,
    "homotopy_sharpness": 10.0,
    "homotopy_speed": 2.0,
    "kf_damping": 0.001,
    "kf_update_interval": 20,
    "label_smoothing": 0.1,
    "grad_clip": 0.0,
    "sam_rho": 0.05,
    "momentum": 0.9,
    "alpha_kf": 0.3,
    "alpha_adam_kf": 0.05,
    "s_max": 0.7,
    "kf_warmup": 500,
    "cos_sim_threshold": 0.0
  },
  "train_loss": [
    4.039548304918077,
    3.524720221710205,
    3.1701300529056127,
    2.892763512971666,
    2.6939864209069144,
    2.5325320706261527,
    2.394738858328925,
    2.293283723195394,
    2.1934803902520073,
    2.119246277194553,
    2.0444424095577665,
    1.9753248552534315,
    1.9190058738920424,
    1.8647424780103896,
    1.8112894440756904,
    1.758838826306661,
    1.7100649644215902,
    1.66717018699646,
    1.6277157999250624,
    1.5883684723324245,
    1.5515078106774225,
    1.5129499797185262,
    1.487668567276001,
    1.4461849032508003,
    1.414376770401001,
    1.3881885571161905,
    1.3643780338287355,
    1.3396293579525418,
    1.3134199920654297,
    1.286760433959961,
    1.2729775247997708,
    1.2468539856380887,
    1.234874808883667,
    1.2146531532711453,
    1.2041469603220623,
    1.1882649650573731,
    1.1717864666408964,
    1.1595755382113986,
    1.1521987072202895,
    1.1327389161215888,
    1.121035416285197,
    1.118447837363349,
    1.107248775566949,
    1.0963085082160102,
    1.0909926612006293,
    1.0833244186825222,
    1.0756725962109035,
    1.069876244629754,
    1.0608953792783948,
    1.0534283299763998,
    1.0493422088199191,
    1.0383607861412896,
    1.035891216913859,
    1.0343068157619901,
    1.0259815222422282,
    1.0258520098792183,
    1.0159078001658122,
    1.0113121386210124,
    1.0083292016135321,
    1.004773456170824,
    1.0010108189264932,
    0.9975321763780381,
    0.9905533876419067,
    0.9874696861690945,
    0.9866145878791809,
    0.9810804255697463,
    0.9755082899941339,
    0.9745731510586209,
    0.9735536929236518,
    0.965411957083808,
    0.9635652457767063,
    0.9626125291930304,
    0.9609207422044542,
    0.9552769318474663,
    0.9555660409503512,
    0.9482671762678359,
    0.9480124530156453,
    0.9471767884996202,
    0.9437113678720263,
    0.9376069722917345,
    0.9389100194401211,
    0.9357002114189996,
    0.932547520573934,
    0.9344405389149983,
    0.9285895197974311,
    0.927816888999939,
    0.9229984982172648,
    0.9227716614193386,
    0.9217354420132107,
    0.9193736666997274,
    0.916829186545478,
    0.915783130815294,
    0.9108002867380778,
    0.9128556776046753,
    0.9122245024575127,
    0.9083281981468201,
    0.9059048649258084,
    0.9045933634440104,
    0.9026508024427626,
    0.9031912444326613,
    0.8982749582396613,
    0.8979637755182054,
    0.8971198847240872,
    0.8945853409131368,
    0.8938491532219781,
    0.8899597525596619,
    0.8931067626317342,
    0.8914122232966953,
    0.8886380162345039,
    0.8850110820770264,
    0.8849427058537801,
    0.8835028277715047,
    0.8845867632230123,
    0.8823724526193407,
    0.8798177647696601,
    0.8789257683224149,
    0.8768272332191467,
    0.8771798672993978,
    0.8754480227788289,
    0.8743577678256564,
    0.8743718273480733,
    0.8722001750204298,
    0.871864747513665,
    0.8721366678025987,
    0.8696409385257297,
    0.8684988705529108,
    0.8666867601182726,
    0.8664433149549696,
    0.8655326761563619,
    0.8627283171547784,
    0.86386113664839,
    0.8617826464017232,
    0.8632730299419827,
    0.8605492163658142,
    0.8592104798422919,
    0.8589035669008891,
    0.8568365891774495,
    0.8582520606146918,
    0.8572593265957302,
    0.8567146817631192,
    0.8559330645031399,
    0.854077714559767,
    0.8548453761948479,
    0.8532518229060703,
    0.8524185263845656,
    0.8521112456957499,
    0.8518987650341457,
    0.8502382306946649,
    0.850185791100396,
    0.8496576407432556,
    0.8497661507818434,
    0.8486956490516663,
    0.8465795869403415,
    0.847963532447815,
    0.8480427363077799,
    0.8475636979103088,
    0.8473144004080031,
    0.8453382975790236,
    0.8447548168712192,
    0.8447738737742106,
    0.8440860602272882,
    0.8433765155156453,
    0.8432301785786946,
    0.843291899172465,
    0.8432909736951192,
    0.8420326542536417,
    0.8410843571133084,
    0.8417879080242581,
    0.8417853624237909,
    0.840876339424981,
    0.8410626067797343,
    0.8402486951298184,
    0.8408246265517341,
    0.8407592546251085,
    0.8403459990289476,
    0.840058856815762,
    0.8390626870685154,
    0.8382646770265367,
    0.8400019626087613,
    0.8388734090169271,
    0.8388320775667827,
    0.838357452805837,
    0.8386505283779568,
    0.839615530151791,
    0.838529063542684,
    0.8384335238138835,
    0.8387584755791558,
    0.8379753845214843,
    0.83814539431466,
    0.8377447252485487,
    0.8380656368573507,
    0.8372556086010403,
    0.8370282695558336,
    0.8376806685765584,
    0.8376286009470622,
    0.8379629180166457,
    0.8368223459561666,
    0.8367995312584771,
    0.8374769536548191,
    0.8375364041010539
  ],