{
  "config": {
    "dataset": "cifar10",
    "model": "resnet18",
    "optimizer": "LAKTJU_V10",
    "epochs": 200,
    "batch_size": 128,
    "lr": 0.001,
    "weight_decay": 0.001,
    "seed": 42,
    "save_dir": "./results/v10_round2",
    "data_dir": "./dataset",
    "workers": 2,
    "a_lr_ratio": null,
    "warmup": 100,
    "c_base": 1.0,
    "kappa": 5.0,
    "homotopy_sharpness": 10.0,
    "homotopy_speed": 5.0,
    "kf_damping": 0.001,
    "kf_update_interval": 20,
    "label_smoothing": 0.1,
    "grad_clip": 0.0,
    "sam_rho": 0.0,
    "momentum": 0.9,
    "alpha_kf": 0.05,
    "alpha_adam_kf": 0.0,
    "s_max": 0.7
  },
  "train_loss": [
    1.7388204230626425,
    1.3906078889422946,
    1.244917955101861,
    1.158416034719679,
    1.0916637012905546,
    1.0402514670477974,
    1.0061352803760104,
    0.9748451078414917,
    0.9481170812712776,
    0.9235072950998942,
    0.899851660241021,
    0.8814785894181993,
    0.8643185536808438,
    0.8486332078297933,
    0.8399038210339016,
    0.8274344492806329,
    0.8124260152816772,
    0.8044989627096388,
    0.7899383369021945,
    0.778911269484626,
    0.7700583009507921,
    0.7637854539871216,
    0.7521803680843777,
    0.7440097073872884,
    0.7390931652704875,
    0.7325215316772461,
    0.7203961418257819,
    0.7220408191786872,
    0.7141868089040121,
    0.7100476726849874,
    0.7051444701618619,
    0.699172394794888,
    0.6937965511322022,
    0.6868976251920065,
    0.6836897030300564,
    0.6787932084931267,
    0.6727101145532396,
    0.671476492913564,
    0.6657200362205505,
    0.6639595527648926,
    0.6588570227834913,
    0.6537622421900431,
    0.6530974278344048,
    0.6473259345584446,
    0.6461752727720472,
    0.6447619664510091,
    0.6382441634284125,
    0.6367757857852512,
    0.6319998606363932,
    0.6306352043787639,
    0.625505367702908,
    0.6240488582187229,
    0.6207849867926704,
    0.6231296644846598,
    0.6168440565215216,
    0.6166924173355103,
    0.6135135669602289,
    0.6130024684164259,
    0.6098245876524183,
    0.6088669128523932,
    0.6075146465407477,
    0.6035655346658495,
    0.6050863621393839,
    0.600420000606113,
    0.5941945786476135,
    0.5986562148412069,
    0.5951994513723585,
    0.5911785825941298,
    0.5912179925176833,
    0.5893403746181064,
    0.5903504015180799,
    0.5860515527513293,
    0.5846413380093045,
    0.5821603280173407,
    0.5836972860442268,
    0.5853481845008003,
    0.5799867940054999,
    0.5756877255121867,
    0.5759389707459344,
    0.5807426936149597,
    0.5735434618314107,
    0.5737448124673632,
    0.5713590748680962,
    0.5672996786541409,
    0.5707715254889594,
    0.5689450445493063,
    0.5678093409750197,
    0.5697657117843627,
    0.5635207485410902,
    0.5646106346342299,
    0.5609528509140015,
    0.5606150222354465,
    0.5638996678670247,
    0.5577841411484612,
    0.5582317692862616,
    0.559044160525004,
    0.5581528511683146,
    0.5550516432444255,
    0.5530105237960815,
    0.5538236243989733
  ],
  "valid_loss": [
    1.417820965385437,
    1.1995354263305664,
    1.1197140697479249,
    1.041792303943634,
    0.9843272099494934,
    0.9525893072128296,
    0.9048161321640015,
    0.886454198551178,
    0.8803150471687317,
    0.9009487529754638,
    0.8378852725982666,
    0.847476936340332,
    0.8038106784820557,
    0.7896852362632751,
    0.7952933723449707,
    0.7791134912490845,
    0.7549208930015564,
    0.7744592782974243,
    0.7669115832328797,
    0.7676752014160156,
    0.7327499296188354,
    0.7609916659355164,
    0.7441071908950806,
    0.7350426223754882,
    0.7238875617027283,
    0.7148420418739319,
    0.7130207393646241,
    0.7339226620674133,
    0.6997685432434082,
    0.7118384593009949,
    0.7239926546096802,
    0.7134552248001098,
    0.7440118223190307,
    0.7037164808273315,
    0.7036753225326539,
    0.6938682291030884,
    0.7023262588500977,
    0.6857579213142395,
    0.6888391514778137,
    0.7007967405319214,
    0.6805390579223632,
    0.7079454990386963,
    0.6737649459838867,
    0.6709021213531494,
    0.6988621746063233,
    0.6712615056991578,
    0.6737008979797363,
    0.684547161102295,
    0.6660869585990906,
    0.6880602880477905,
    0.6827606859207154,
    0.6996167292594909,
    0.6721025444030762,
    0.6821248349189758,
    0.6682782009124756,
    0.6696093559265137,
    0.6786897455215454,
    0.6713160041809082,
    0.6859066459655762,
    0.6631512563705444,
    0.6605663324356079,
    0.6740755079269409,
    0.665653638458252,
    0.6632729047775269,
    0.6633049158096314,
    0.6630572870254516,
    0.6563707905769348,
    0.6587468857765197,
    0.6655517786026001,
    0.6634887049674988,
    0.6594195972442627,
    0.6632185382843018,
    0.6542711495399475,
    0.6643677127838135,
    0.6606717679977417,
    0.6629791164398193,
    0.66270884475708,
    0.6511513898849487,
    0.6579472759246826,
    0.6516178703308105,
    0.6414008640289307,
    0.6516686391830444,
    0.653716286945343,
    0.6565945074081421,
    0.6524864496231079,
    0.6536180738449097,
    0.6519586802482605,
    0.6484157306671142,
    0.6467364801406861,
    0.6463240802764892,
    0.6503449912071229,
    0.647548562335968,
    0.6491492433547974,
    0.6411279542922974,
    0.6432560754776001,
    0.6515310223579407,
    0.6462125078201294,
    0.6448676864624023,
    0.6518662531852722,
    0.6445650729179382
  ],
  "valid_acc": [
    58.56,
    70.38,
    74.96,
    78.58,
    81.32,
    82.58,
    84.22,
    85.2,
    85.5,
    84.62,
    86.74,
    86.12,
    87.9,
    88.38,
    88.56,
    88.9,
    89.66,
    88.82,
    89.2,
    88.94,
    90.78,
    89.34,
    90.14,
    90.16,
    90.66,
    91.14,
    91.06,
    90.16,
    91.74,
    91.28,
    90.82,
    90.98,
    89.88,
    91.78,
    91.4,
    92.02,
    91.36,
    92.1,
    92.06,
    91.66,
    92.8,
    91.74,
    92.84,
    92.66,
    91.72,
    92.84,
    92.78,
    92.6,
    92.96,
    92.14,
    92.76,
    91.92,
    92.86,
    92.46,
    93.04,
    93.14,
    92.46,
    93.02,
    92.48,
    93.04,
    93.4,
    93.04,
    93.34,
    93.4,
    93.46,
    93.34,
    93.66,
    93.34,
    93.14,
    93.38,
    93.62,
    93.24,
    93.8,
    93.36,
    93.74,
    93.36,
    93.42,
    94.06,
    93.76,
    93.92,
    94.48,
    93.92,
    93.78,
    93.96,
    93.98,
    93.78,
    93.86,
    94.18,
    94.28,
    93.88,
    93.94,
    94.06,
    94.0,
    94.26,
    94.14,
    93.7,
    94.28,
    94.4,
    94.0,
    94.18
  ],
  "test_acc": [
    0.0,
    0.0,
    0.0,
    0.0,
    0.0,
    0.0,
    0.0,
    0.0,
    0.0,
    84.15,
    84.15,
    84.15,
    84.15,
    84.15,
    84.15,
    84.15,
    84.15,
    84.15,
    84.15,
    88.49,
    88.49,
    88.49,
    88.49,
    88.49,
    88.49,
    88.49,
    88.49,
    88.49,
    88.49,
    90.95,
    90.95,
    90.95,
    90.95,
    90.95,
    90.95,
    90.95,
    90.95,
    90.95,
    90.95,
    91.93,
    91.93,
    91.93,
    91.93,
    91.93,
    91.93,
    91.93,
    91.93,
    91.93,
    91.93,
    92.4,
    92.4,
    92.4,
    92.4,
    92.4,
    92.4,
    92.4,
    92.4,
    92.4,
    92.4,
    93.5,
    93.5,
    93.5,
    93.5,
    93.5,
    93.5,
    93.5,
    93.5,
    93.5,
    93.5,
    93.71,
    93.71,
    93.71,
    93.71,
    93.71,
    93.71,
    93.71,
    93.71,
    93.71,
    93.71,
    93.34,
    93.34,
    93.34,
    93.34,
    93.34,
    93.34,
    93.34,
    93.34,
    93.34,
    93.34,
    93.74,
    93.74,
    93.74,
    93.74,
    93.74,
    93.74,
    93.74,
    93.74,
    93.74,
    93.74,
    94.23
  ],