{
  "config": {
    "dataset": "cifar100",
    "model": "resnet18",
    "optimizer": "LAKTJU_V10",
    "epochs": 200,
    "batch_size": 128,
    "lr": 0.001,
    "weight_decay": 0.001,
    "seed": 42,
    "save_dir": "./results/v10_round2",
    "data_dir": "./dataset",
    "workers": 2,
    "a_lr_ratio": null,
    "warmup": 100,
    "c_base": 1.0,
    "kappa": 5.0,
    "homotopy_sharpness": 10.0,
    "homotopy_speed": 5.0,
    "kf_damping": 0.001,
    "kf_update_interval": 20,
    "label_smoothing": 0.1,
    "grad_clip": 0.0,
    "sam_rho": 0.0,
    "momentum": 0.9,
    "alpha_kf": 0.05,
    "alpha_adam_kf": 0.0,
    "s_max": 0.7
  },
  "train_loss": [
    4.069260072453817,
    3.430388926527235,
    3.064091413201226,
    2.7813622297498917,
    2.5844859603034127,
    2.4364606936984594,
    2.314969856431749,
    2.230037727101644,
    2.1468735568152533,
    2.082162419213189,
    2.0186406591627333,
    1.9606372254265678,
    1.9077135328504775,
    1.8665531390296088,
    1.8244924257914226,
    1.7858947694778442,
    1.7497351970248751,
    1.7157080232832167,
    1.677166698498196,
    1.6513017265955607,
    1.6160411954243978,
    1.5917333145141601,
    1.5628990633646647,
    1.535618536906772,
    1.5109495986938477,
    1.4863478270636665,
    1.4630771180046929,
    1.4404451537238228,
    1.4265454641554092,
    1.4038729376475017,
    1.3866659228430853,
    1.3620170262654623,
    1.3540586866166857,
    1.3379979424794515,
    1.3178649949815537,
    1.307491552734375,
    1.291713570827908,
    1.2802773177040947,
    1.2618070967356363,
    1.247279648039076,
    1.241305576663547,
    1.234757544347975,
    1.2169445891486275,
    1.2066068353017172,
    1.1958617773267959,
    1.190693315887451,
    1.1788333577050103,
    1.1706838918685913,
    1.1652666395823161,
    1.1572290426042344,
    1.1498471608055962,
    1.1387373577541775,
    1.129819807349311,
    1.123109881401062,
    1.1176998362223307,
    1.1131542667388916,
    1.1057217424180772,
    1.1013295723385281,
    1.0943875388887194,
    1.0815176517486573,
    1.0798470667097304,
    1.0754593209160699,
    1.0682035733540853,
    1.062435272555881,
    1.0605822884453668,
    1.0538977969911363,
    1.0497105253431531,
    1.0475268717871773,
    1.036475128809611,
    1.0368542199876574,
    1.0338669640223186,
    1.0293843325826857,
    1.0277781746122572,
    1.020370128271315,
    1.0155956010182698,
    1.0135548528883191,
    1.010605023320516,
    1.003944699245029,
    1.0034106893963284,
    0.9949281132380168,
    0.9954502289877998,
    0.9930871337042915,
    0.9898579107708401,
    0.9840029467476739,
    0.9795422484503852,
    0.9777825755225288,
    0.9710234095255534,
    0.9722808667606777,
    0.9685663547092014,
    0.9651594113349915,
    0.9646314496782091,
    0.9627154767142402,
    0.9580877245903016,
    0.9535172074211968,
    0.9501143067465888,
    0.949977892420027,
    0.9457277808613247,
    0.9458909684605069,
    0.9434673504299588,
    0.939322323788537
  ],
  "valid_loss": [
    3.499156270980835,
    3.0589929527282713,
    2.7236863563537597,
    2.522491708755493,
    2.384186343002319,
    2.2725670797348023,
    2.232708792114258,
    2.1790333354949953,
    2.1435489669799805,
    2.1110715305328367,
    2.0739156398773195,
    2.077956524848938,
    2.0224175525665284,
    2.0337016021728513,
    2.019017209625244,
    2.006794496154785,
    1.9850458879470825,
    1.982344580078125,
    1.9876550439834595,
    1.9747778450012208,
    1.9812297103881835,
    1.9887491653442382,
    1.947695581817627,
    1.9605905633926393,
    1.9717218589782715,
    1.941420460128784,
    1.9532080116271973,
    1.930923087310791,
    1.9470681964874268,
    1.9411675401687623,
    1.9397790590286255,
    1.936312981414795,
    1.932453770828247,
    1.926740358734131,
    1.931021417236328,
    1.9325004219055175,
    1.915436962890625,
    1.9294277050018311,
    1.926266929626465,
    1.9020727571487426,
    1.95259151802063,
    1.9216689929962159,
    1.9361341335296631,
    1.9249381111145019,
    1.9099633319854736,
    1.9374156293869018,
    1.9194672798156738,
    1.8934312450408937,
    1.9339212272644044,
    1.9246950244903565,
    1.8980075839996338,
    1.89688673286438,
    1.9083312992095947,
    1.8971203758239745,
    1.9112016288757325,
    1.896136219406128,
    1.8643520751953124,
    1.9134525398254394,
    1.869413010406494,
    1.8932360803604127,
    1.89378032913208,
    1.8702935890197754,
    1.860849901199341,
    1.8637922424316407,
    1.8471600082397461,
    1.8649773097991944,
    1.8666988616943359,
    1.862363835144043,
    1.8486498529434203,
    1.8708662395477296,
    1.8516474754333496,
    1.871080652999878,
    1.8463563762664794,
    1.8532944272994996,
    1.8556476280212402,
    1.8722970069885254,
    1.8470720748901368,
    1.8351685691833497,
    1.8507224140167235,
    1.844201791381836,
    1.8554425117492677,
    1.8265470111846924,
    1.8358733955383302,
    1.8419319667816163,
    1.8171542434692383,
    1.828267120361328,
    1.8553579637527466,
    1.831615334701538,
    1.8146657752990722,
    1.8281049480438232,
    1.8168418088912963,
    1.8251401794433593,
    1.8196392318725585,
    1.815866888999939,
    1.832207830810547,
    1.820384563446045,
    1.8100820091247558,
    1.8240782905578614,
    1.8123976902008057,
    1.8314536483764647
  ],
  "valid_acc": [
    21.08,
    31.26,
    40.58,
    46.4,
    51.58,
    55.1,
    56.8,
    58.6,
    59.4,
    61.48,
    62.16,
    62.16,
    63.22,
    63.78,
    63.8,
    64.58,
    65.34,
    65.02,
    64.72,
    66.06,
    65.18,
    65.7,
    66.78,
    66.18,
    66.36,
    67.3,
    67.4,
    67.76,
    66.88,
    66.9,
    68.16,
    67.62,
    67.78,
    68.12,
    67.86,
    67.32,
    68.4,
    68.28,
    68.44,
    68.6,
    67.82,
    68.02,
    67.86,
    68.2,
    68.28,
    67.46,
    67.8,
    68.56,
    67.72,
    68.0,
    68.92,
    69.14,
    68.62,
    69.42,
    68.96,
    69.16,
    69.2,
    68.62,
    69.72,
    68.96,
    69.02,
    70.0,
    69.9,
    70.38,
    70.2,
    69.28,
    69.68,
    70.38,
    70.44,
    70.22,
    69.86,
    69.82,
    70.78,
    70.38,
    71.02,
    69.76,
    70.6,
    71.08,
    70.28,
    71.16,
    70.4,
    70.88,
    70.94,
    70.64,
    71.5,
    70.98,
    70.7,
    70.76,
    71.76,
    71.38,
    72.22,
    72.08,
    71.62,
    71.4,
    70.92,
    71.18,
    71.8,
    71.92,
    72.14,
    71.82
  ],
  "test_acc": [
    0.0,
    0.0,
    0.0,
    0.0,
    0.0,
    0.0,
    0.0,
    0.0,
    0.0,
    59.22,
    59.22,
    59.22,
    59.22,
    59.22,
    59.22,
    59.22,
    59.22,
    59.22,
    59.22,
    65.43,
    65.43,
    65.43,
    65.43,
    65.43,
    65.43,
    65.43,
    65.43,
    65.43,
    65.43,
    66.56,
    66.56,
    66.56,
    66.56,
    66.56,
    66.56,
    66.56,
    66.56,
    66.56,
    66.56,
    67.46,
    67.46,
    67.46,
    67.46,
    67.46,
    67.46,
    67.46,
    67.46,
    67.46,
    67.46,
    68.48,
    68.48,
    68.48,
    68.48,
    68.48,
    68.48,
    68.48,
    68.48,
    68.48,
    68.48,
    68.68,
    68.68,
    68.68,
    68.68,
    68.68,
    68.68,
    68.68,
    68.68,
    68.68,
    68.68,
    69.52,
    69.52,
    69.52,
    69.52,
    69.52,
    69.52,
    69.52,
    69.52,
    69.52,
    69.52,
    70.31,
    70.31,
    70.31,
    70.31,
    70.31,
    70.31,
    70.31,
    70.31,
    70.31,
    70.31,
    70.74,
    70.74,
    70.74,
    70.74,
    70.74,
    70.74,
    70.74,
    70.74,
    70.74,
    70.74,
    70.66
  ],