{
  "config": {
    "dataset": "cifar100",
    "model": "resnet18",
    "optimizer": "LAKTJU_V10",
    "epochs": 50,
    "batch_size": 128,
    "lr": 0.001,
    "weight_decay": 0.001,
    "seed": 42,
    "save_dir": "./results/v10_round1",
    "data_dir": "./dataset",
    "workers": 2,
    "a_lr_ratio": null,
    "warmup": 100,
    "c_base": 1.0,
    "kappa": 5.0,
    "homotopy_sharpness": 10.0,
    "homotopy_speed": 5.0,
    "kf_damping": 0.001,
    "kf_update_interval": 20,
    "label_smoothing": 0.1,
    "grad_clip": 0.0,
    "sam_rho": 0.0,
    "momentum": 0.9,
    "alpha_kf": 0.0,
    "alpha_adam_kf": 0.0,
    "s_max": 0.7
  },
  "train_loss": [
    4.043062598249647,
    3.516296455891927,
    3.1718686061435277,
    2.911382652452257,
    2.721857032945421,
    2.562978692075941,
    2.432908843061659,
    2.3336366309271916,
    2.2342169644673664,
    2.1590500120374894,
    2.0866681791093615,
    2.010831842464871,
    1.9466326892005072,
    1.888813249460856,
    1.8347750102149116,
    1.7838644574695164,
    1.7271926038106282,
    1.6806767305162218,
    1.6383354057312012,
    1.586578378168742,
    1.551460111978319,
    1.5051414739396838,
    1.469535965262519,
    1.4266427503373889,
    1.3939470399220784,
    1.3596392555660672,
    1.3286045219421387,
    1.3049884524027506,
    1.2727041003333197,
    1.2430817284054225,
    1.2191816483603584,
    1.2011888334062364,
    1.1782212645636665,
    1.156254772207472,
    1.1436474902682834,
    1.1279043530570136,
    1.1152305164125231,
    1.0998496727201674,
    1.0914034313837686,
    1.0800533647325303,
    1.0741161994722155,
    1.0625062158372667,
    1.0604632644441392,
    1.052534629397922,
    1.0444587288326688,
    1.045594371732076,
    1.0406831036567687,
    1.04125698384179,
    1.0401692280663384,
    1.0353098371929592
  ],
  "valid_loss": [
    3.7064323989868164,
    3.32299730796814,
    3.3110852684020995,
    2.9623553508758547,
    2.661549494552612,
    2.429513125038147,
    2.422138405609131,
    2.3573388626098635,
    2.2444198684692385,
    2.1978711559295654,
    2.0894296867370605,
    2.122526268005371,
    2.012553255844116,
    1.9977376010894776,
    1.9330389448165894,
    1.9395500286102294,
    1.922454050064087,
    1.8908149600982667,
    1.8596753742218017,
    1.863117021560669,
    1.8415487310409546,
    1.8397925857543946,
    1.813657776260376,
    1.804783358192444,
    1.7807094776153565,
    1.7988465827941895,
    1.7782237977981568,
    1.777047515106201,
    1.7654139705657959,
    1.7727120290756226,
    1.767349052619934,
    1.7553146083831788,
    1.7479594121932984,
    1.744300562286377,
    1.7525102737426759,
    1.7463497425079346,
    1.7384116821289062,
    1.7353721641540527,
    1.7291297103881835,
    1.7300616230010986,
    1.7236025646209716,
    1.7264881393432616,
    1.7283430889129638,
    1.7222314792633056,
    1.723954008102417,
    1.7239890464782714,
    1.721494474029541,
    1.7267405714035033,
    1.7219678997039796,
    1.7241850002288819
  ],
  "valid_acc": [
    16.84,
    26.16,
    28.38,
    35.26,
    42.1,
    48.86,
    49.06,
    51.98,
    54.0,
    56.32,
    58.82,
    57.62,
    61.54,
    62.32,
    64.22,
    64.24,
    64.82,
    65.9,
    66.32,
    67.4,
    67.72,
    66.96,
    68.6,
    69.04,
    69.4,
    69.42,
    70.9,
    70.74,
    70.78,
    70.58,
    70.26,
    71.48,
    71.96,
    71.9,
    72.3,
    72.32,
    71.84,
    71.74,
    72.9,
    72.22,
    73.1,
    72.34,
    72.54,
    72.76,
    72.9,
    73.02,
    73.04,
    72.86,
    73.24,
    73.0
  ],
  "test_acc": [
    0.0,
    0.0,
    0.0,
    0.0,
    0.0,
    0.0,
    0.0,
    0.0,
    0.0,
    55.01,
    55.01,
    55.01,
    55.01,
    55.01,
    55.01,
    55.01,
    55.01,
    55.01,
    55.01,
    67.18,
    67.18,
    67.18,
    67.18,
    67.18,
    69.21,
    69.21,
    69.21,
    69.21,
    69.21,
    70.06,
    70.06,
    70.06,
    70.06,
    70.06,
    70.06,
    70.06,
    70.06,
    70.06,
    70.06,
    71.57,
    71.57,
    71.57,
    71.57,
    71.57,
    71.57,
    71.57,
    71.57,
    71.57,
    71.57,
    72.07
  ],
  "epoch_time": [
    97.78822731971741,
    98.46086072921753,
    97.71715545654297,
    98.38792037963867,
    98.38588356971741,
    97.70628690719604,
    98.43443584442139,
    97.7606770992279,
    98.46537160873413,
    99.89308953285217,
    97.80898022651672,
    98.55880308151245,
    97.78585982322693,
    98.47446751594543,
    98.4477744102478,
    97.65930795669556,
    98.51082849502563,
    98.03762602806091,
    98.35589027404785,
    99.93198800086975,
    98.11163640022278,
    98.222820520401,
    98.24606800079346,
    98.40805649757385,
    100.22491383552551,
    97.95840239524841,
    98.44836473464966,
    97.94706010818481,
    98.45656371116638,
    99.6377637386322,
    98.0996584892273,
    98.39716863632202,
    98.16683626174927,
    98.35829043388367,
    98.34057831764221,
    98.22978687286377,
    98.33775353431702,
    98.06863474845886,
    98.30117917060852,
    99.68603539466858,
    98.06323719024658,
    98.37698292732239,
    98.1522569656372,
    98.27607941627502,
    98.26268863677979,
    98.05944657325745,
    98.10741353034973,
    98.10326313972473,
    98.20528388023376,
    97.76059770584106
  ],
  "best_valid_acc": 73.24,
  "best_test_acc": 72.21
}