{
  "config": {
    "dataset": "cifar100",
    "model": "resnet18",
    "optimizer": "LAKTJU_V11",
    "epochs": 50,
    "batch_size": 128,
    "lr": 0.001,
    "weight_decay": 0.0005,
    "seed": 42,
    "save_dir": "./results/v11_round1",
    "data_dir": "./dataset",
    "workers": 2,
    "a_lr_ratio": null,
    "warmup": 100,
    "c_base": 1.0,
    "kappa": 5.0,
    "homotopy_sharpness": 10.0,
    "homotopy_speed": 2.0,
    "kf_damping": 0.001,
    "kf_update_interval": 20,
    "label_smoothing": 0.1,
    "grad_clip": 0.0,
    "sam_rho": 0.0,
    "momentum": 0.9,
    "alpha_kf": 0.2,
    "alpha_adam_kf": 0.05,
    "s_max": 0.7,
    "kf_warmup": 200,
    "cos_sim_threshold": 0.0
  },
  "train_loss": [
    4.021445990880331,
    3.457350345611572,
    3.1064289591471352,
    2.8456686636606854,
    2.6572998914082846,
    2.5039851775275337,
    2.374358665423923,
    2.276742270278931,
    2.182948658074273,
    2.1019869746314153,
    2.033827351930406,
    1.962873041788737,
    1.8995520729488797,
    1.8410663765801323,
    1.7896156899982028,
    1.733442190636529,
    1.6827241424984403,
    1.6349290909237333,
    1.5873839988708496,
    1.5510492612838744,
    1.506253541776869,
    1.4677080718358357,
    1.4261987106747098,
    1.3942327007293702,
    1.3574756253560385,
    1.3253630126953124,
    1.289702692243788,
    1.2666078131781684,
    1.2416826014624702,
    1.2185420032713148,
    1.1911923389434815,
    1.1680689999898275,
    1.1528051619635689,
    1.1373296251508924,
    1.1190289636188082,
    1.104145382648044,
    1.0938573665618896,
    1.0844394327799478,
    1.0703087506188287,
    1.0619742906570435,
    1.0543378462473552,
    1.0474091063181559,
    1.0422744131300183,
    1.0392136309305826,
    1.0329979032304553,
    1.0290782990349663,
    1.0278583310657077,
    1.0243396924760606,
    1.023635121981303,
    1.025229296790229
  ],
  "valid_loss": [
    3.6695958374023436,
    3.357242678451538,
    3.0191617168426514,
    2.87701600189209,
    2.640219787979126,
    2.4301867420196532,
    2.407709845352173,
    2.2722438621520995,
    2.18929713973999,
    2.144249563217163,
    2.04936138420105,
    2.0225205612182617,
    1.9817503915786743,
    1.9563660480499268,
    1.9177553918838501,
    1.9200685146331786,
    1.85977010345459,
    1.9004314456939697,
    1.8419440780639649,
    1.8249338348388673,
    1.8184783042907715,
    1.8161848289489746,
    1.78033424949646,
    1.771908818435669,
    1.7873068408966064,
    1.7878908958435058,
    1.7803152223587035,
    1.7671338562011718,
    1.7755680557250977,
    1.7492113906860352,
    1.7284415128707886,
    1.753951905822754,
    1.7407717721939087,
    1.7475635963439942,
    1.7315681007385253,
    1.743439060974121,
    1.7282748291015626,
    1.7261264930725098,
    1.726620867919922,
    1.7204230987548828,
    1.7187641662597657,
    1.7198333686828613,
    1.7171329875946044,
    1.7166842737197876,
    1.715954367828369,
    1.7156892337799072,
    1.7166441902160645,
    1.712686149597168,
    1.7126729719161988,
    1.7172019073486329
  ],
  "valid_acc": [
    17.34,
    25.58,
    33.26,
    36.88,
    43.32,
    48.92,
    50.7,
    54.38,
    56.42,
    57.48,
    60.52,
    60.28,
    62.28,
    63.24,
    64.52,
    64.1,
    66.32,
    65.72,
    67.32,
    68.6,
    68.06,
    68.14,
    70.3,
    69.34,
    69.68,
    69.7,
    70.08,
    70.32,
    70.32,
    70.98,
    71.54,
    70.52,
    71.46,
    71.72,
    71.64,
    71.68,
    71.86,
    72.24,
    72.14,
    72.34,
    72.68,
    72.58,
    72.78,
    72.54,
    72.88,
    72.78,
    73.14,
    73.18,
    72.9,
    72.78
  ],
  "test_acc": [
    0.0,
    0.0,
    0.0,
    0.0,
    0.0,
    0.0,
    0.0,
    0.0,
    0.0,
    56.02,
    56.02,
    56.02,
    56.02,
    56.02,
    56.02,
    56.02,
    56.02,
    56.02,
    56.02,
    67.78,
    67.78,
    67.78,
    67.78,
    67.78,
    68.84,
    68.84,
    68.84,
    68.84,
    68.84,
    70.73,
    70.73,
    70.73,
    70.73,
    70.73,
    70.73,
    70.73,
    70.73,
    70.73,
    70.73,
    72.06,
    72.06,
    72.06,
    72.06,
    72.06,
    72.06,
    72.06,
    72.06,
    72.06,
    72.06,
    72.1
  ],
  "epoch_time": [
    202.2469244003296,
    194.58802270889282,
    192.6808741092682,
    194.45686030387878,
    193.29021191596985,
    193.02379488945007,
    193.95117831230164,
    193.32795786857605,
    194.3009147644043,
    197.0288999080658,
    194.06365776062012,
    194.37326049804688,
    193.63646125793457,
    195.1229212284088,
    172.702654838562,
    145.38450026512146,
    145.94756484031677,
    145.2239170074463,
    146.11222958564758,
    147.9672303199768,
    145.36521816253662,
    146.058602809906,
    145.3111126422882,
    145.99622344970703,
    148.05375838279724,
    145.45442414283752,
    146.02808570861816,
    145.23185300827026,
    145.89759516716003,
    148.07439756393433,
    145.2260937690735,
    146.02458810806274,
    145.4041976928711,
    145.93692278862,
    145.792085647583,
    145.41928148269653,
    145.83794355392456,
    145.18507838249207,
    145.96885776519775,
    147.88510608673096,
    145.41373872756958,
    145.9466953277588,
    145.3095235824585,
    145.8276846408844,
    145.89466619491577,
    145.26024770736694,
    145.77903389930725,
    144.85756015777588,
    145.78874897956848,
    61.36162996292114
  ],
  "best_valid_acc": 73.18,
  "best_test_acc": 72.25
}