{
  "config": {
    "dataset": "cifar100",
    "model": "resnet18",
    "optimizer": "LAKTJU_V11",
    "epochs": 50,
    "batch_size": 128,
    "lr": 0.001,
    "weight_decay": 0.0005,
    "seed": 42,
    "save_dir": "./results/v11_round1",
    "data_dir": "./dataset",
    "workers": 2,
    "a_lr_ratio": null,
    "warmup": 100,
    "c_base": 1.0,
    "kappa": 5.0,
    "homotopy_sharpness": 10.0,
    "homotopy_speed": 2.0,
    "kf_damping": 0.001,
    "kf_update_interval": 20,
    "label_smoothing": 0.1,
    "grad_clip": 0.0,
    "sam_rho": 0.0,
    "momentum": 0.9,
    "alpha_kf": 0.2,
    "alpha_adam_kf": 0.05,
    "s_max": 0.7,
    "kf_warmup": 500,
    "cos_sim_threshold": 0.0
  },
  "train_loss": [
    4.024634417046441,
    3.4674033288319905,
    3.11467918065389,
    2.853485392549303,
    2.6660452285766603,
    2.514496504804823,
    2.3829044583214656,
    2.2828102343241374,
    2.1900370660569934,
    2.112017328516642,
    2.0409568261464437,
    1.967950495317247,
    1.9064166895548502,
    1.8468583151075575,
    1.7927561444176567,
    1.7388177775065103,
    1.6878661886427138,
    1.6391801232231988,
    1.5966056993696425,
    1.5456669718848335,
    1.5170716674380833,
    1.4700168258243136,
    1.433971285756429,
    1.392188259379069,
    1.3561463185416327,
    1.3280536944919161,
    1.2987417967478434,
    1.2698836390601265,
    1.2438445706049601,
    1.2206927757263184,
    1.1946274251090157,
    1.1746508030785454,
    1.1579870763990614,
    1.1370500921037463,
    1.1175679735395643,
    1.1091874610477024,
    1.0975923390918307,
    1.0831905532624986,
    1.0698174469206068,
    1.0660264420403374,
    1.0573111477110122,
    1.0501241230434841,
    1.0438946066538493,
    1.0365014026641846,
    1.0350892914560106,
    1.0315060287475586,
    1.0249444884406196,
    1.025438025241428,
    1.0246441077974107,
    1.0275205888324315
  ],
  "valid_loss": [
    3.7001868576049803,
    3.3956462284088134,
    3.0076758628845215,
    2.8767013046264647,
    2.595914211654663,
    2.4360222019195557,
    2.362689543914795,
    2.278463149642944,
    2.217581485748291,
    2.144578150177002,
    2.0565318897247313,
    2.059084211730957,
    1.970102854537964,
    1.9613093711853027,
    1.926678505706787,
    1.9296352300643922,
    1.9067719146728515,
    1.8636140230178833,
    1.8310090866088866,
    1.8313251941680908,
    1.8439054712295533,
    1.7770921419143677,
    1.8132970863342286,
    1.775822011756897,
    1.7849376529693604,
    1.7829491180419923,
    1.7776975482940673,
    1.7678356456756592,
    1.7807960725784302,
    1.76267047996521,
    1.753622004699707,
    1.7700272241592407,
    1.74404287109375,
    1.7435272605895995,
    1.742997974205017,
    1.7302584522247315,
    1.7280016876220703,
    1.7281328048706055,
    1.7316305892944337,
    1.7347542413711547,
    1.7227544330596924,
    1.7216604063034058,
    1.7218939764022827,
    1.7171086696624756,
    1.7191993633270264,
    1.7227830455780029,
    1.7196796152114868,
    1.7133850448608399,
    1.715714001083374,
    1.7168311279296875
  ],
  "valid_acc": [
    16.66,
    25.62,
    33.3,
    36.4,
    44.26,
    49.0,
    52.24,
    53.68,
    55.58,
    57.7,
    60.56,
    59.62,
    63.06,
    63.38,
    64.3,
    64.5,
    65.32,
    66.68,
    67.36,
    67.78,
    67.56,
    69.96,
    69.48,
    70.18,
    69.88,
    70.32,
    70.54,
    70.74,
    70.42,
    71.24,
    71.26,
    71.44,
    72.04,
    71.8,
    71.46,
    72.06,
    72.12,
    72.06,
    72.36,
    72.16,
    72.56,
    72.54,
    72.54,
    72.62,
    72.56,
    72.66,
    72.54,
    72.66,
    72.64,
    72.4
  ],
  "test_acc": [
    0.0,
    0.0,
    0.0,
    0.0,
    0.0,
    0.0,
    0.0,
    0.0,
    0.0,
    56.27,
    56.27,
    56.27,
    56.27,
    56.27,
    56.27,
    56.27,
    56.27,
    56.27,
    56.27,
    67.69,
    67.69,
    67.69,
    67.69,
    67.69,
    69.16,
    69.16,
    69.16,
    69.16,
    69.16,
    70.73,
    70.73,
    70.73,
    70.73,
    70.73,
    70.73,
    70.73,
    70.73,
    70.73,
    70.73,
    72.18,
    72.18,
    72.18,
    72.18,
    72.18,
    72.18,
    72.18,
    72.18,
    72.18,
    72.18,
    72.21
  ],
  "epoch_time": [
    112.06356811523438,
    152.96625518798828,
    192.75278973579407,
    193.11478567123413,
    194.27992129325867,
    192.26448845863342,
    193.8664572238922,
    193.0755832195282,
    194.10657596588135,
    195.8339295387268,
    193.68785095214844,
    194.64343571662903,
    193.0684835910797,
    194.82706260681152,
    194.91202783584595,
    155.14445877075195,
    146.16603231430054,
    145.11577320098877,
    145.91699957847595,
    147.94730043411255,
    145.22300004959106,
    145.9318606853485,
    145.3530056476593,
    145.90612697601318,
    148.14661693572998,
    145.1749656200409,
    146.09624767303467,
    145.1774561405182,
    145.83259916305542,
    148.04101181030273,
    145.33416891098022,
    145.9262297153473,
    145.27274322509766,
    146.05781054496765,
    145.96490502357483,
    145.35702776908875,
    145.73761534690857,
    145.24164152145386,
    145.91395735740662,
    147.92965459823608,
    145.3345549106598,
    145.86506509780884,
    145.30193614959717,
    145.90530848503113,
    146.01099181175232,
    145.13416695594788,
    145.90625143051147,
    145.02510046958923,
    145.876620054245,
    143.47551941871643
  ],
  "best_valid_acc": 72.66,
  "best_test_acc": 71.79
}