{
  "config": {
    "dataset": "cifar100",
    "model": "resnet18",
    "optimizer": "LAKTJU_V12",
    "epochs": 50,
    "batch_size": 128,
    "lr": 0.003,
    "weight_decay": 0.0005,
    "seed": 42,
    "save_dir": "./results/v12_round1",
    "data_dir": "./dataset",
    "workers": 4,
    "a_lr_ratio": null,
    "warmup": 20,
    "c_base": 1.0,
    "kappa": 5.0,
    "homotopy_sharpness": 10.0,
    "homotopy_speed": 2.0,
    "kf_damping": 0.001,
    "kf_update_interval": 20,
    "label_smoothing": 0.1,
    "grad_clip": 0.0,
    "sam_rho": 0.0,
    "momentum": 0.9,
    "alpha_kf": 0.15,
    "alpha_adam_kf": 0.05,
    "s_max": 0.7,
    "kf_warmup": 200,
    "cos_sim_threshold": 0.0,
    "kf_clip_max": 50.0,
    "grad_centralization": true,
    "no_grad_centralization": false
  },
  "train_loss": [
    4.088055941772461,
    4.111931549072265,
    4.068414205593533,
    4.1400193996005585,
    4.058532719845242,
    3.952170771874322,
    3.876001313442654,
    3.8082544343736435,
    3.7403047617170544,
    3.654849080912272,
    3.5553901576148137,
    3.464689961666531,
    3.3689725202772354,
    3.2806958216349282,
    3.170252042812771,
    3.0729641708374023,
    2.9862214468638104,
    2.9099660993364123,
    2.8115146347469753,
    2.725728812238905,
    2.639056654400296,
    2.5529045403374564,
    2.4729515790727405,
    2.412007736206055,
    2.3406225006527372,
    2.2833035626729328,
    2.225436318291558,
    2.1732494884490965,
    2.121160009299384,
    2.0755174341837566,
    2.029900535880195,
    1.990805856513977,
    1.9613501757303873,
    1.9245190978580051,
    1.8836389008839924,
    1.8526950407875908,
    1.8307282258351645,
    1.8044328615400527,
    1.7737204831865099,
    1.7536792083740234,
    1.7412380336337618,
    1.7199056644651625,
    1.7024190290239123,
    1.6885972420162625,
    1.6734329340193006,
    1.6630104337904188,
    1.6559997026231554,
    1.6461950477176241,
    1.6466442767037286,
    1.6344593106163872
  ],
  "valid_loss": [
    4.084505318450928,
    3.943839316558838,
    4.132329688644409,
    4.0095915084838865,
    3.945347543334961,
    3.8310576202392577,
    3.7860467628479,
    3.693303998565674,
    3.6086216506958007,
    3.501763625717163,
    3.4389663211822508,
    3.314540361404419,
    3.2324327674865723,
    3.135045241546631,
    3.0360320804595946,
    2.9182462520599364,
    2.843847540664673,
    2.7449588172912596,
    2.6536988483428954,
    2.6048796195983885,
    2.5373163368225096,
    2.459461862564087,
    2.387318573379517,
    2.3416566719055174,
    2.2896156867980957,
    2.234062309265137,
    2.206746060180664,
    2.171297508430481,
    2.150561650466919,
    2.1205297695159913,
    2.114510186767578,
    2.095453381729126,
    2.0810189483642576,
    2.067932766914368,
    2.0290854276657107,
    2.022335726547241,
    2.0050312475204466,
    2.002042481994629,
    2.012127140045166,
    1.9883975074768065,
    1.9889788444519043,
    1.9781075454711914,
    1.9672869436264038,
    1.9704485443115234,
    1.9643726081848145,
    1.958736201095581,
    1.9591873878479005,
    1.9567778820037842,
    1.9547634658813478,
    1.9532777778625487
  ],
  "valid_acc": [
    12.84,
    15.22,
    11.48,
    13.96,
    17.34,
    19.66,
    19.18,
    21.12,
    22.54,
    24.58,
    25.3,
    29.84,
    32.68,
    34.28,
    37.24,
    39.78,
    41.8,
    43.86,
    46.46,
    47.98,
    48.6,
    51.98,
    53.48,
    54.82,
    56.86,
    57.94,
    58.46,
    59.02,
    60.18,
    60.24,
    60.72,
    60.96,
    61.74,
    62.1,
    63.12,
    63.24,
    63.78,
    64.12,
    63.96,
    64.66,
    64.18,
    65.04,
    65.32,
    65.02,
    65.6,
    65.32,
    65.36,
    65.74,
    65.4,
    65.62
  ],
  "test_acc": [
    0.0,
    0.0,
    0.0,
    0.0,
    0.0,
    0.0,
    0.0,
    0.0,
    0.0,
    24.24,
    24.24,
    24.24,
    24.24,
    24.24,
    24.24,
    24.24,
    24.24,
    24.24,
    24.24,
    47.52,
    47.52,
    47.52,
    47.52,
    47.52,
    55.56,
    55.56,
    55.56,
    55.56,
    55.56,
    60.52,
    60.52,
    60.52,
    60.52,
    60.52,
    60.52,
    60.52,
    60.52,
    60.52,
    60.52,
    64.81,
    64.81,
    64.81,
    64.81,
    64.81,
    64.81,
    64.81,
    64.81,
    64.81,
    64.81,
    65.54
  ],
  "epoch_time": [
    182.95893907546997,
    191.83640480041504,
    189.69662261009216,
    190.3009011745453,
    190.42046117782593,
    189.1434142589569,
    190.83177828788757,
    189.92306447029114,
    190.64819955825806,
    193.30157804489136,
    189.85195803642273,
    190.98845624923706,
    190.275710105896,
    190.854905128479,
    191.1344850063324,
    190.06549835205078,
    190.9241807460785,
    190.30576181411743,
    190.44252395629883,
    193.25916862487793,
    189.93870091438293,
    190.7674582004547,
    190.26308417320251,
    190.51026248931885,
    192.98460698127747,
    189.6187596321106,
    190.55560278892517,
    190.26063895225525,
    190.44912219047546,
    193.16370487213135,
    189.69192004203796,
    190.23993921279907,
    190.08405756950378,
    190.06426453590393,
    190.5013632774353,
    190.16412544250488,
    189.97716212272644,
    189.9857096672058,
    189.91933226585388,
    192.47814226150513,
    190.11503100395203,
    190.16223192214966,
    190.20997381210327,
    190.20969653129578,
    190.54819774627686,
    189.6451027393341,
    189.66841220855713,
    189.94554924964905,
    190.01623153686523,
    187.7560133934021
  ],
  "best_valid_acc": 65.74,
  "best_test_acc": 65.34
}