{
  "config": {
    "dataset": "cifar100",
    "model": "resnet18",
    "optimizer": "LAKTJU_V12",
    "epochs": 50,
    "batch_size": 128,
    "lr": 0.01,
    "weight_decay": 0.0005,
    "seed": 42,
    "save_dir": "./results/v12_round1",
    "data_dir": "./dataset",
    "workers": 4,
    "a_lr_ratio": null,
    "warmup": 20,
    "c_base": 1.0,
    "kappa": 5.0,
    "homotopy_sharpness": 10.0,
    "homotopy_speed": 2.0,
    "kf_damping": 0.001,
    "kf_update_interval": 20,
    "label_smoothing": 0.1,
    "grad_clip": 0.0,
    "sam_rho": 0.0,
    "momentum": 0.9,
    "alpha_kf": 0.15,
    "alpha_adam_kf": 0.05,
    "s_max": 0.7,
    "kf_warmup": 300,
    "cos_sim_threshold": 0.0,
    "kf_clip_max": 50.0,
    "grad_centralization": true,
    "no_grad_centralization": false
  },
  "train_loss": [
    4.03414623658922,
    3.837037487962511,
    3.8954962238735624,
    3.9819409657796223,
    3.7900232021755644,
    3.758431225204468,
    3.5308192435794408,
    3.3547505501217314,
    3.1929119227939182,
    3.037036127895779,
    2.886412723710802,
    2.7592191501193577,
    2.6401003139919705,
    2.5361883304172093,
    2.435669701851739,
    2.3469529341379802,
    2.270314574432373,
    2.1994549661424423,
    2.1347030217488605,
    2.0812976783328585,
    2.0231333362579345,
    1.967095589934455,
    1.9217263113233778,
    1.8775848359002008,
    1.8288438196818033,
    1.7835893046061198,
    1.7522002607133653,
    1.7091746424780951,
    1.676282188881768,
    1.6418146334330241,
    1.599028212568495,
    1.5669563638475206,
    1.5299809523264567,
    1.4901317949083117,
    1.4710727856953938,
    1.4433951857248941,
    1.410037747531467,
    1.3854910987642077,
    1.3803910214953952,
    2.5907015815311008,
    2.037313404422336,
    1.8147065475463868,
    1.7174328338623046,
    1.6533313623640273,
    1.614075092548794,
    1.5799646476745606,
    1.5557604981740316,
    1.5438949082692464,
    1.5347976239098442,
    1.5240400573306614
  ],
  "valid_loss": [
    4.049827005004883,
    3.62939849319458,
    4.198691073608399,
    3.815582032775879,
    3.6264303787231444,
    3.5590422973632814,
    3.3344062755584716,
    3.1804568092346193,
    3.0340944622039796,
    2.876017576980591,
    2.7279031608581543,
    2.595064776611328,
    2.4306318634033204,
    2.3636774368286133,
    2.2822638664245605,
    2.2479405269622803,
    2.180548153305054,
    2.116514380645752,
    2.091798903846741,
    2.0179508781433104,
    2.0032967292785644,
    1.9653754875183105,
    1.9437776626586913,
    1.9081800987243653,
    1.8714017719268798,
    1.854066958808899,
    1.8439165576934815,
    1.8276884700775147,
    1.7998659828186034,
    1.7877321628570557,
    1.8140557224273681,
    1.7800564849853515,
    1.7563752349853516,
    1.754174621772766,
    1.7674928077697754,
    1.7423247955322265,
    1.745455466079712,
    1.7312607864379883,
    3.596048337936401,
    2.140060882949829,
    1.9423194984436034,
    1.8871235069274903,
    1.8512885639190675,
    1.8304338832855225,
    1.817848764038086,
    1.8045769638061524,
    1.7991885345458984,
    1.7939330410003662,
    1.7941174411773682,
    1.7880884677886963
  ],
  "valid_acc": [
    14.56,
    22.16,
    7.56,
    20.08,
    25.14,
    28.54,
    33.08,
    36.66,
    39.42,
    42.7,
    45.52,
    48.58,
    52.84,
    53.06,
    55.88,
    57.04,
    58.78,
    60.52,
    60.46,
    63.0,
    63.0,
    63.92,
    64.96,
    65.68,
    67.4,
    67.44,
    68.52,
    67.94,
    69.64,
    70.28,
    68.4,
    70.04,
    70.56,
    71.2,
    70.6,
    71.86,
    71.78,
    72.46,
    72.38,
    58.02,
    64.86,
    66.38,
    67.88,
    68.68,
    69.04,
    69.44,
    69.76,
    70.38,
    70.18,
    70.18
  ],
  "test_acc": [
    0.0,
    0.0,
    0.0,
    0.0,
    0.0,
    0.0,
    0.0,
    0.0,
    0.0,
    42.89,
    42.89,
    42.89,
    42.89,
    42.89,
    42.89,
    42.89,
    42.89,
    42.89,
    42.89,
    61.89,
    61.89,
    61.89,
    61.89,
    61.89,
    65.84,
    65.84,
    65.84,
    65.84,
    65.84,
    68.13,
    68.13,
    68.13,
    68.13,
    68.13,
    68.13,
    68.13,
    68.13,
    68.13,
    68.13,
    57.42,
    57.42,
    57.42,
    57.42,
    57.42,
    57.42,
    57.42,
    57.42,
    57.42,
    57.42,
    68.93
  ],
  "epoch_time": [
    179.4999840259552,
    192.2037079334259,
    189.9324028491974,
    190.66948986053467,
    189.69992017745972,
    189.68514728546143,
    190.33773159980774,
    189.60403156280518,
    191.0667986869812,
    192.3217794895172,
    190.20890259742737,
    191.0613603591919,
    189.9628200531006,
    190.96965432167053,
    190.88140082359314,
    189.8943808078766,
    191.20547246932983,
    190.08713793754578,
    191.03166937828064,
    192.67918801307678,
    190.5111472606659,
    190.89203429222107,
    189.9957401752472,
    190.99387645721436,
    192.50162267684937,
    190.1024866104126,
    190.54455089569092,
    189.7080101966858,
    190.92331862449646,
    192.12154722213745,
    190.318213224411,
    190.61449551582336,
    189.5697410106659,
    190.71261143684387,
    190.29785466194153,
    190.03400707244873,
    190.5413956642151,
    189.59021282196045,
    190.65598797798157,
    191.24761629104614,
    190.6253752708435,
    190.62106847763062,
    189.93733406066895,
    190.68308568000793,
    190.26897406578064,
    189.7903778553009,
    190.01176071166992,
    189.51473784446716,
    190.34143924713135,
    191.46339344978333
  ],
  "best_valid_acc": 72.46,
  "best_test_acc": 71.39
}