{
  "config": {
    "dataset": "cifar100",
    "model": "resnet18",
    "optimizer": "LAKTJU_V12",
    "epochs": 50,
    "batch_size": 128,
    "lr": 0.003,
    "weight_decay": 0.0001,
    "seed": 42,
    "save_dir": "./results/v12_round1",
    "data_dir": "./dataset",
    "workers": 4,
    "a_lr_ratio": null,
    "warmup": 20,
    "c_base": 1.0,
    "kappa": 5.0,
    "homotopy_sharpness": 10.0,
    "homotopy_speed": 2.0,
    "kf_damping": 0.001,
    "kf_update_interval": 20,
    "label_smoothing": 0.1,
    "grad_clip": 0.0,
    "sam_rho": 0.0,
    "momentum": 0.9,
    "alpha_kf": 0.15,
    "alpha_adam_kf": 0.05,
    "s_max": 0.7,
    "kf_warmup": 500,
    "cos_sim_threshold": 0.0,
    "kf_clip_max": 50.0,
    "grad_centralization": true,
    "no_grad_centralization": false
  },
  "train_loss": [
    3.995582758755154,
    3.8212483595954048,
    3.810869899537828,
    3.8762348673502602,
    3.991409757826063,
    3.9908658960554333,
    3.887794893222385,
    3.7857208839840357,
    3.7060428938971626,
    3.584831141916911,
    3.4752369011773006,
    3.365311351691352,
    3.2427023053487143,
    3.14854759733412,
    3.0313401596069336,
    2.923995449108548,
    2.815049021742079,
    2.7080986216227214,
    2.620508037567139,
    2.5346164502037896,
    2.454130824279785,
    2.3821309231652155,
    2.3206278923458523,
    2.2578395669725206,
    2.205079268476698,
    2.153489185714722,
    2.1030124614291723,
    2.0663493782891167,
    2.020900832557678,
    1.9798729793972438,
    1.9332610355589126,
    1.9063602622350058,
    1.8699362988366022,
    1.83250197168986,
    1.802057726817661,
    1.7805004865434435,
    1.7536956134796142,
    1.727257726626926,
    1.7068881162219578,
    1.6842499771965875,
    1.659856812900967,
    1.6397728705088297,
    1.6257618044535318,
    1.6166621798621283,
    1.6057055831485325,
    1.5940616342120701,
    1.5916171488020154,
    1.578782423400879,
    1.5747456201341417,
    1.5758178666856555
  ],
  "valid_loss": [
    3.5948967636108398,
    3.8040884857177732,
    3.696511071395874,
    3.8157591346740722,
    3.9608527236938476,
    3.8617159450531005,
    3.7604417964935304,
    3.646368499755859,
    3.56324012260437,
    3.4385795833587647,
    3.3392833377838134,
    3.2095748218536375,
    3.1048321578979494,
    2.9873538276672362,
    2.885260121536255,
    2.779489540100098,
    2.7044303840637207,
    2.6255839580535887,
    2.504881432723999,
    2.4426791828155516,
    2.390386368560791,
    2.3392130416870116,
    2.2729382514953613,
    2.24203483543396,
    2.2163401763916015,
    2.1570688575744628,
    2.122585537338257,
    2.0831322578430176,
    2.084341143608093,
    2.044108409881592,
    2.0390926681518553,
    2.016425384140015,
    1.9968133695602417,
    1.9864245235443114,
    1.9904273933410646,
    1.9763769468307495,
    1.9563265991210939,
    1.949737990951538,
    1.951577543258667,
    1.9417726890563964,
    1.9371153663635254,
    1.9374986625671387,
    1.9255652503967284,
    1.9233542724609376,
    1.9209910404205321,
    1.9146485050201416,
    1.909489430809021,
    1.911862686920166,
    1.906146151161194,
    1.9122640033721925
  ],
  "valid_acc": [
    19.42,
    18.74,
    20.48,
    17.54,
    13.86,
    17.72,
    20.72,
    22.06,
    24.54,
    27.54,
    29.92,
    33.3,
    37.82,
    38.94,
    40.86,
    43.34,
    44.76,
    46.88,
    49.92,
    51.08,
    52.6,
    54.92,
    56.18,
    57.2,
    57.26,
    59.36,
    60.4,
    61.6,
    61.52,
    62.88,
    62.24,
    63.42,
    64.22,
    64.0,
    64.64,
    64.98,
    65.06,
    65.1,
    65.32,
    65.98,
    65.92,
    65.62,
    65.92,
    66.2,
    66.36,
    66.74,
    66.86,
    66.86,
    66.76,
    66.76
  ],
  "test_acc": [
    0.0,
    0.0,
    0.0,
    0.0,
    0.0,
    0.0,
    0.0,
    0.0,
    0.0,
    27.26,
    27.26,
    27.26,
    27.26,
    27.26,
    27.26,
    27.26,
    27.26,
    27.26,
    27.26,
    50.59,
    50.59,
    50.59,
    50.59,
    50.59,
    57.39,
    57.39,
    57.39,
    57.39,
    57.39,
    62.09,
    62.09,
    62.09,
    62.09,
    62.09,
    62.09,
    62.09,
    62.09,
    62.09,
    62.09,
    65.51,
    65.51,
    65.51,
    65.51,
    65.51,
    65.51,
    65.51,
    65.51,
    65.51,
    65.51,
    66.48
  ],
  "epoch_time": [
    182.17298197746277,
    192.47072434425354,
    189.93328261375427,
    190.44062972068787,
    190.4417564868927,
    189.25645208358765,
    190.55919742584229,
    189.41277480125427,
    190.68724012374878,
    192.79995131492615,
    189.7019534111023,
    190.93036150932312,
    189.8933036327362,
    190.86891984939575,
    191.1110701560974,
    189.95327353477478,
    191.0984983444214,
    190.231139421463,
    190.52655577659607,
    193.27771949768066,
    189.9164960384369,
    190.86365365982056,
    190.34932923316956,
    190.54872035980225,
    193.21672010421753,
    189.65549159049988,
    190.59783148765564,
    190.23319125175476,
    190.55866599082947,
    193.23893356323242,
    189.71168184280396,
    190.60322332382202,
    190.1552233695984,
    190.26750659942627,
    190.63417768478394,
    189.51944708824158,
    190.31702780723572,
    189.91464948654175,
    189.6644525527954,
    192.32446551322937,
    190.18829083442688,
    190.10580444335938,
    190.2635314464569,
    190.2660038471222,
    190.33621764183044,
    189.2180438041687,
    189.84528064727783,
    189.96123576164246,
    190.1689944267273,
    189.22700953483582
  ],
  "best_valid_acc": 66.86,
  "best_test_acc": 66.31
}