{
  "config": {
    "dataset": "cifar10",
    "model": "resnet18",
    "optimizer": "LAKTJU",
    "epochs": 200,
    "batch_size": 128,
    "lr": 0.002,
    "weight_decay": 0.001,
    "seed": 42,
    "save_dir": "./results/v14_sprint",
    "data_dir": "./dataset",
    "workers": 4,
    "a_lr_ratio": 0.333,
    "warmup": 100,
    "c_base": 1.0,
    "kappa": 5.0,
    "homotopy_sharpness": 10.0,
    "homotopy_speed": 5.0,
    "kf_damping": 0.001,
    "kf_update_interval": 20,
    "label_smoothing": 0.1,
    "grad_clip": 0.0,
    "sam_rho": 0.0,
    "momentum": 0.9,
    "alpha_kf": 0.15,
    "alpha_adam_kf": 0.05,
    "s_max": 0.7,
    "kf_warmup": 500,
    "cos_sim_threshold": 0.0,
    "kf_clip_max": 50.0,
    "grad_centralization": true,
    "no_grad_centralization": false
  },
  "train_loss": [
    1.809188059870402,
    1.4552801609463162,
    1.2790032732221814,
    1.167241501151191,
    1.0901288945304022,
    1.0343152877807618,
    1.00257163872189,
    0.9718019922468397,
    0.950004821035597,
    0.9305400796254476,
    0.9103661896281772,
    0.9037888910929363,
    0.8841002221425375,
    0.8789747582329644,
    0.8654440605587429,
    0.8534209260304769,
    0.8443347733179728,
    0.8373354569329156,
    0.8297541016790602,
    0.8196201466666327,
    0.8127516252729627,
    0.8101915340529547,
    0.7935151553259956,
    0.7902857122209337,
    0.7803752150641547,
    0.7720943354182773,
    0.7673768534554376,
    0.7637042330212064,
    0.7571243046866523,
    0.748318328221639,
    0.7428993724822998,
    0.7403978399488661,
    0.7354783870485094,
    0.7245003970146179,
    0.7261857888645596,
    0.7175704529868232,
    0.7154763558599684,
    0.7100685445043776,
    0.705782993528578,
    0.7024324081103007,
    0.6969677532831828,
    0.6928846459070841,
    0.6880937018712362,
    0.6871738637288411,
    0.6803505844222175,
    0.674325335015191,
    0.6725605256186591,
    0.6716588896751404,
    0.6635249634318882,
    0.6603145365397135,
    0.6595007133907742,
    0.6557227380540636,
    0.6551965577231513,
    0.6489266173574659,
    0.6435795713636611,
    0.6426827229923672,
    0.642542392370436,
    0.6379414744059245,
    0.6372807747099135,
    0.6283752151913113,
    0.631781855222914,
    0.625026258945465,
    0.6215154947492811,
    0.6229353475570679,
    0.614674206966824,
    0.6129060210969713,
    0.616614457013872,
    0.6106400281906128,
    0.6089602385414972,
    0.6050580917358398,
    0.6003959115558201,
    0.6020717879613241,
    0.6000887696160211,
    0.597910450384352,
    0.5966504481209649,
    0.5976308535787794,
    0.5933584214422438,
    0.5909133944617377,
    0.591996014075809,
    0.5861036099963718,
    0.5842450451109145,
    0.5834954301410251,
    0.58531654425727,
    0.5796015785005357,
    0.5808767051802741,
    0.577822785949707,
    0.5773621182335748,
    0.5724683829837375,
    0.5716350760777791,
    0.5733183097415501,
    0.570662966770596,
    0.5685424758699206,
    0.5701118498590257,
    0.5678134056303237,
    0.5648144579675463,
    0.5636947002834743,
    0.5655944196807013,
    0.5621281355433994,
    0.5599612916734483,
    0.559774605094062,
    0.5568453144921197,
    0.5574646580908034,
    0.5574761798646715,
    0.5533305008994208,
    0.5540341186735365,
    0.5539806004630194,
    0.5518029689364963,
    0.5485885806825426,
    0.5506699594285753,
    0.5492792001512316,
    0.5491835838211907,
    0.5474112929450141,
    0.5459184686130948,
    0.5459504660712348,
    0.5463917776849535,
    0.5425814731068082,
    0.5436407694074843,
    0.5409141178343031,
    0.5408951067076789,
    0.5401807101779514,
    0.5380807896508111,
    0.5390505369928148,
    0.5385821283976236,
    0.5376327202690973,
    0.5368811937120226,
    0.5355705625216166,
    0.5360151183234321,
    0.5347126554277208,
    0.5344310503429837,
    0.5328341775046455,
    0.5335552290174697,
    0.5313281421555414,
    0.5319431948979696,
    0.5316178421020508,
    0.5307148615519206,
    0.5285056383874681,
    0.5293609161376953,
    0.5272845935397678,
    0.5278244402461582,
    0.5280843001789517,
    0.5285382017983331,
    0.5270302052603828,
    0.5255290500322978,
    0.5249984774165684,
    0.5246893193350898,
    0.5238228382534451,
    0.5227838325076632,
    0.5222450488832262,
    0.5238021791352167,
    0.5199558892144097,
    0.522626739692688,
    0.5220785199483235,
    0.5215966352568733,
    0.5204808204332988,
    0.5211874357965257,
    0.5193140832477146,
    0.5193746241357592,
    0.5182127770105998,
    0.5192490136252509,
    0.5185635440826416,
    0.5170501440260146,
    0.5164171662542555,
    0.517905444378323,
    0.5186986992730035,
    0.5174442405700683,
    0.5175847380744086,
    0.5176987745920817,
    0.5157573417027791,
    0.5153797911749946,
    0.5164317127227783,
    0.5157286983066135,
    0.5161900645679898,
    0.5148083998574151,
    0.5145314277119106,
    0.5153896670659384,
    0.5139251640955607,
    0.5144796336703831,
    0.5128986777729458,
    0.5138526777055529,
    0.514827832338545,
    0.5134793523046706,
    0.5144923430124919,
    0.5134270220650567,
    0.5127490977075365,
    0.5131894674830967,
    0.512799774201711,
    0.5126337426715427,
    0.5142981384489271,
    0.5131622897677951,
    0.5121738676283094,
    0.51305230834749,
    0.5129610139846802,
    0.5125910239113701,
    0.5127529973771837,
    0.5121547926372952,
    0.5126485830836826,
    0.5129496876822578,
    0.5124145939509074,
    0.5125952808909946,
    0.5126566479365031
  ],