{
  "config": {
    "dataset": "cifar10",
    "model": "resnet18",
    "optimizer": "LAKTJU",
    "epochs": 200,
    "batch_size": 128,
    "lr": 0.003,
    "weight_decay": 0.001,
    "seed": 456,
    "save_dir": "./results/v14_sprint",
    "data_dir": "./dataset",
    "workers": 4,
    "a_lr_ratio": 0.333,
    "warmup": 100,
    "c_base": 1.0,
    "kappa": 5.0,
    "homotopy_sharpness": 10.0,
    "homotopy_speed": 5.0,
    "kf_damping": 0.001,
    "kf_update_interval": 20,
    "label_smoothing": 0.1,
    "grad_clip": 0.0,
    "sam_rho": 0.0,
    "momentum": 0.9,
    "alpha_kf": 0.15,
    "alpha_adam_kf": 0.05,
    "s_max": 0.7,
    "kf_warmup": 500,
    "cos_sim_threshold": 0.0,
    "kf_clip_max": 50.0,
    "grad_centralization": true,
    "no_grad_centralization": false
  },
  "train_loss": [
    1.787647288831075,
    1.4018918904834323,
    1.2205083707597522,
    1.1151199125077988,
    1.0560188508987427,
    1.0180242719014485,
    0.9850311930974325,
    0.9637496239980062,
    0.9498470788955689,
    0.9308685082965427,
    0.9161961265352038,
    0.904894359281328,
    0.8958509031295776,
    0.8797461800045437,
    0.8720801460689969,
    0.8665627380159167,
    0.8526235741933187,
    0.8411589816835191,
    0.8358951062414381,
    0.828245364189148,
    0.8177852909723917,
    0.8088833931287129,
    0.8120097258885701,
    0.7973226928181119,
    0.7894364642884997,
    0.7841097790082295,
    0.78166273838679,
    0.77006587217119,
    0.7665320089764065,
    0.7602737696329752,
    0.7525345807817247,
    0.7497628620677524,
    0.7469011506822374,
    0.7380213234371609,
    0.7315099687364366,
    0.7327421546936035,
    0.7237224236806233,
    0.7211683088302613,
    0.7157281347486708,
    0.7095176428053114,
    0.7078205726093716,
    0.703262998951806,
    0.699668291536967,
    0.6926854913817512,
    0.6932017689387003,
    0.6858280468834771,
    0.6811139097637601,
    0.6783777544869317,
    0.6715843161371019,
    0.6704287130567762,
    0.6676483545939128,
    0.6655911044650608,
    0.6595859640227424,
    0.6579802375793457,
    0.6527384706815084,
    0.6493457317352295,
    0.6462504042519464,
    0.6439099645614624,
    0.642923916138543,
    0.6399169795672098,
    0.6369287296930949,
    0.63044211385515,
    0.63029909708235,
    0.6292016963005066,
    0.6222443742964002,
    0.6232277307934231,
    0.6202474512206183,
    0.6169676829867893,
    0.617498000187344,
    0.6125345395512051,
    0.6144416033850776,
    0.6083153485722012,
    0.6066888526916504,
    0.6032955984539455,
    0.6013499335606893,
    0.5991224931610956,
    0.6015835849232144,
    0.5981522624015808,
    0.5934917609320747,
    0.5908151885986328,
    0.5904699634763929,
    0.5869271309746636,
    0.5867295802328322,
    0.5855464035140143,
    0.587508347913954,
    0.5792163041856554,
    0.5821761456171671,
    0.5803326263533698,
    0.5786736516210768,
    0.5756248437563578,
    0.5755735162205167,
    0.5742428263134427,
    0.5743643979284498,
    0.5719139503690932,
    0.5668922164599101,
    0.5672390186521742,
    0.5686559758398267,
    0.5672330822308859,
    0.5638294430838691,
    0.563658841864268,
    0.5596751431253222,
    0.5617901154624091,
    0.5595702346801757,
    0.5581104301664565,
    0.5553926881154378,
    0.5550990637249417,
    0.5546072213596768,
    0.553719371064504,
    0.5523594241248236,
    0.5516107417212592,
    0.5525205015394423,
    0.5503148607148064,
    0.549359442753262,
    0.5461773463461134,
    0.549662276479933,
    0.545769811269972,
    0.5444340823067559,
    0.5435257135497199,
    0.545075777943929,
    0.542920473628574,
    0.5420264919916788,
    0.543041559961107,
    0.5404508594618903,
    0.5396951567225986,
    0.5382207201427883,
    0.5371415645599366,
    0.5356088072988722,
    0.5347193953514099,
    0.5363313403977288,
    0.5350976950539483,
    0.5331703782293532,
    0.5347019380675422,
    0.5343965328746372,
    0.5325935258759392,
    0.5309634190453424,
    0.5301731890042622,
    0.531851075914171,
    0.5294418116357591,
    0.5291657602945964,
    0.5274538145065307,
    0.5268705908881294,
    0.5282176587316725,
    0.5266314225302802,
    0.5271731192058987,
    0.5253911404927571,
    0.524581132390764,
    0.525434926923116,
    0.5225953786849976,
    0.5239322683334351,
    0.5237686571545072,
    0.5215671517266167,
    0.5234639065742492,
    0.5214897213300069,
    0.5195806173536512,
    0.5207189520623949,
    0.5205253212928772,
    0.5206188939306471,
    0.5189065888722738,
    0.5192313390519884,
    0.52031693599489,
    0.5191684030956693,
    0.5186502705044217,
    0.5174407927513123,
    0.5183511909802755,
    0.5180520581775241,
    0.5166914850870769,
    0.5170259111722311,
    0.5170606374104818,
    0.5169931723276774,
    0.5165706932173835,
    0.5161723263634576,
    0.5157710228178236,
    0.5162506467289395,
    0.5148314490848117,
    0.5138297567897373,
    0.5150611726760864,
    0.514337491692437,
    0.5147655961354574,
    0.514594204627143,
    0.513057627635532,
    0.5141284671783447,
    0.5127635240660774,
    0.5136204903072781,
    0.5138023841328091,
    0.51332568854226,
    0.5132355663193596,
    0.5117356279585097,
    0.5129570253266229,
    0.5123893122884963,
    0.5122590938250223,
    0.5123558106634352,
    0.5126901054170396,
    0.5139219463454352,
    0.5123925384945339,
    0.5132277517000834,
    0.5131550652398004,
    0.5126196598476834,
    0.5129084858046637,
    0.5123185488700867,
    0.512328666888343
  ],