{
  "config": {
    "dataset": "cifar10",
    "model": "resnet18",
    "optimizer": "LAKTJU",
    "epochs": 200,
    "batch_size": 128,
    "lr": 0.01,
    "weight_decay": 0.0001,
    "seed": 42,
    "save_dir": "./results/v13_round2",
    "data_dir": "./dataset",
    "workers": 4,
    "a_lr_ratio": 0.1,
    "warmup": 20,
    "c_base": 1.0,
    "kappa": 5.0,
    "homotopy_sharpness": 10.0,
    "homotopy_speed": 2.0,
    "kf_damping": 0.001,
    "kf_update_interval": 20,
    "label_smoothing": 0.1,
    "grad_clip": 0.0,
    "sam_rho": 0.0,
    "momentum": 0.9,
    "alpha_kf": 0.15,
    "alpha_adam_kf": 0.05,
    "s_max": 0.7,
    "kf_warmup": 500,
    "cos_sim_threshold": 0.0,
    "kf_clip_max": 50.0,
    "grad_centralization": true,
    "no_grad_centralization": false
  },
  "train_loss": [
    1.8772336138407388,
    1.4198493509928385,
    1.2924501760906644,
    1.220657558801439,
    1.1568175647629633,
    1.1139377962960137,
    1.0851011874304877,
    1.059299865553114,
    1.0346388879352146,
    1.024823222202725,
    1.0064428821351794,
    1.026265197414822,
    0.9831187552981906,
    1.010473527569241,
    0.9906067097981771,
    1.010198558892144,
    1.0786835482491388,
    1.0126303229437934,
    0.9529467003716363,
    0.9502379624684651,
    1.1194757991154989,
    0.9664362658606636,
    1.1668507122039795,
    1.311667520374722,
    1.2261703857421875,
    1.1836562607871162,
    1.4471753494262696,
    1.5768371662563747,
    1.3072641180674236,
    1.2960626428816053,
    1.2645841467115615,
    1.360656308195326,
    1.2625980556276108,
    1.2020173000335694,
    1.2750335478888617,
    1.3015344667222766,
    1.2006120842191907,
    1.275926721572876,
    1.4756890457365248,
    2.0769800765779283,
    1.9105672098371718,
    1.6473717510647243,
    1.6447772000630696,
    1.5903107235166762,
    1.541979311773512,
    1.6655158498128255,
    1.6097137179480658,
    1.4825165688408746,
    1.508870353825887,
    1.490838297144572,
    1.4044577910529243,
    1.4630958296457925,
    1.5124664770550198,
    1.390599592590332,
    1.3575541887071398,
    1.386532852045695,
    1.5575332857555813,
    1.4009597618103027,
    1.3982329102410211,
    1.5423000509897868,
    1.439629774729411,
    1.3197583844926621,
    1.4804781053755018,
    1.4250622628741794,
    1.296409052488539,
    1.5750384770711263,
    1.9154245608435736,
    1.6938148848639594,
    1.3881504924350314,
    1.564091581938002,
    1.5348405058119032,
    1.4110269588046604,
    1.5751953782611423,
    1.3692031470828585,
    1.5378281953387791,
    1.3764892742156982,
    1.3623581284417046,
    1.374655539258321,
    1.4809507534239028,
    1.340717928229438,
    1.297569170252482,
    1.5372662014431424,
    1.5261149955749511,
    1.2811799699147541,
    1.279992068778144,
    1.3469111672083536,
    1.3731313829845853,
    1.279480808851454,
    1.5993514840867784,
    1.4905703804016113,
    1.3469375320010715,
    1.196291498014662,
    1.266928978029887,
    1.2480243103027344,
    1.3611669052124022,
    1.3094562157948813,
    1.3082769858466254,
    1.231932146390279,
    1.2653784915712145,
    1.1788261643939548,
    1.2459661930720012,
    1.2277424857881334,
    1.1980327641805013,
    1.1924942960103353,
    1.1823280756208632,
    1.225843183347914,
    1.181850218433804,
    1.131122530576918,
    1.172727463891771,
    1.083886131032308,
    1.1405656055026585,
    1.327407947010464,
    1.4016451490402222,
    1.280848549779256,
    1.1781374574873182,
    1.1300534148534138,
    1.0999292214075724,
    1.0990970353656344,
    1.095629401948717,
    1.1347888269424438,
    1.0667450365066529,
    1.0975806835386488,
    1.0372618550406563,
    1.0245597425990633,
    1.0501930438465543,
    1.053485062620375,
    1.0527251623471579,
    1.0625994304445054,
    1.2410338039186266,
    0.981130043941074,
    1.000486007584466,
    0.9749068494372898,
    0.954868348757426,
    1.0066608290778265,
    0.9807721647898356,
    0.9363616541544596,
    0.9495027466244168,
    0.9550455118391249,
    0.9407542092641195,
    0.894894584359063,
    0.9037148743311564,
    0.8846551584031846,
    0.9021679994371202,
    0.8885327763239542,
    0.8621805131488376,
    0.8467379116482204,
    0.843204650624593,
    0.8534591058307224,
    0.8600068665186564,
    0.8333965044445462
  ],
  "valid_loss": [
    1.4021943878173828,
    1.2000435810089112,
    1.196817099761963,
    1.1188869526863099,
    1.1139755742073059,
    1.078077326965332,
    1.002061100769043,
    1.069571496963501,
    0.9808060101509094,
    0.983463015460968,
    0.9237040359497071,
    1.036600458908081,
    1.1713015483856202,
    0.8959940282821656,
    0.9275818223953247,
    1.1663201362609863,
    0.9903962800025939,
    0.9362407823562622,
    0.8608306350708008,
    0.855837488079071,
    0.9066069959640503,
    0.9695046600341797,
    2.203363006973267,
    1.1012777305603028,
    0.9942847551345825,
    0.8813718305587769,
    1.6283242946624756,
    1.0408008026123048,
    0.922613321685791,
    0.92235888671875,
    0.9203714908599854,
    0.9442471696853638,
    0.8802973622322082,
    0.9063711468696595,
    0.8782340648651124,
    0.8880809661865234,
    0.9421635763168335,
    0.8909651995658875,
    1.2593546096801758,
    1.4361380701065063,
    1.179233302116394,
    1.0598050827026366,
    1.0266680934906005,
    1.0228895981788635,
    0.9803809797286988,
    1.062337347984314,
    0.9540151821136474,
    0.9620947383880615,
    0.9448480770111084,
    0.9224194200515747,
    0.9102145309448242,
    0.9578093645095825,
    0.9080334732055664,
    0.8804234855651856,
    0.8829551755905152,
    0.8637325340270996,
    0.8702718543052673,
    0.9440126861572266,
    0.8755359210968018,
    0.9652015856742859,
    0.8655862009048462,
    0.8747947280883789,
    0.8954891199111938,
    0.8544168239593506,
    0.8526757623672485,
    1.907615821838379,
    0.9638044704437256,
    0.9332866882324219,
    0.8864851276397705,
    0.9260233875274658,
    0.8921782987594604,
    0.886428413772583,
    0.8929921085357666,
    0.8649122041702271,
    0.8773244611740112,
    0.8592411006927491,
    0.8334850788116455,
    0.8561287559509277,
    0.8808846664428711,
    0.8769301345825196,
    0.8626791833877564,
    0.9141957551956177,
    0.871763697052002,
    0.8247481663703918,
    0.8752929430961609,
    0.8497397745132447,
    0.8318225494384766,
    0.8416372814178467,
    0.877726555633545,
    0.8590496639251709,
    0.8356973012924195,
    0.8188241674423218,
    0.8238140091896057,
    0.8922301755905151,
    0.8132751914978027,
    0.8197694885253907,
    0.8499044269561767,
    0.818584589290619,
    0.8215930119514465,
    0.8171558032989502,
    0.8124092297554016,
    0.8221197708129883,
    0.795969341468811,
    0.7964206123352051,
    0.805531477355957,
    0.8004577634811402,
    0.8036215133666992,
    0.8041831544876099,
    0.797723339176178,
    0.7940860981941223,
    0.7733151059150696,
    1.0002319213867188,
    0.8619570096969604,
    0.8362526709556579,
    0.8055117537498474,
    0.8014013435363769,
    0.8027515190124511,
    0.7913173040390015,
    0.8154176205635071,
    0.800153366470337,
    0.7833723011016845,
    0.7807505307197571,
    0.7741330219268798,
    0.7732494069099426,
    0.7762022172927856,
    0.7670441938400269,
    0.764221087551117,
    0.7597858665466308,
    0.7595217727661133,
    0.7608078427314758,
    0.7589992059707642,
    0.7557943906784058,
    0.7610659556388855,
    0.7507837337493897,
    0.7549106733322144,
    0.7574353650093079,
    0.7483012739181518,
    0.7541612517356873,
    0.7432226279258728,
    0.7489983783721924,
    0.7411773181915283,
    0.7426805377960205,
    0.7430447328567504,
    0.7421579107284546,
    0.7439851493835449,
    0.7412708250045776,
    0.7378017860412598,
    0.7420950806617737,
    0.7404739196777343,
    0.7382816526412964
  ],