{
  "config": {
    "dataset": "cifar10",
    "model": "resnet18",
    "optimizer": "LAKTJU",
    "epochs": 200,
    "batch_size": 128,
    "lr": 0.01,
    "weight_decay": 0.0001,
    "seed": 123,
    "save_dir": "./results/v13_round2",
    "data_dir": "./dataset",
    "workers": 4,
    "a_lr_ratio": 0.1,
    "warmup": 20,
    "c_base": 1.0,
    "kappa": 5.0,
    "homotopy_sharpness": 10.0,
    "homotopy_speed": 2.0,
    "kf_damping": 0.001,
    "kf_update_interval": 20,
    "label_smoothing": 0.1,
    "grad_clip": 0.0,
    "sam_rho": 0.05,
    "momentum": 0.9,
    "alpha_kf": 0.15,
    "alpha_adam_kf": 0.05,
    "s_max": 0.7,
    "kf_warmup": 500,
    "cos_sim_threshold": 0.0,
    "kf_clip_max": 50.0,
    "grad_centralization": true,
    "no_grad_centralization": false
  },
  "train_loss": [
    1.7412667475382486,
    1.4141118407567341,
    1.2968569569481743,
    1.205337107679579,
    1.1579779182434082,
    1.1144954098171658,
    1.114437776374817,
    1.09447147509257,
    1.1080789235432942,
    1.1599712505976358,
    1.1198081106397841,
    1.2553091549979316,
    1.1473299905353123,
    1.2156281388812595,
    1.6415530420091418,
    1.3290711008283826,
    1.3895322012159559,
    1.4507891975190905,
    1.5289310877482096,
    2.3264239635043675,
    1.8934651389227972,
    1.7773136643091838,
    1.7596382203420002,
    1.6974016454908583,
    1.7380813619825575,
    2.1245511754565767,
    2.162242614576552,
    1.8176016155878703,
    1.8135009093602499,
    1.829074642774794,
    2.0647918756696915,
    1.8640963317447239,
    2.0440146417829728,
    1.9176967334747315,
    1.8684110217624241,
    2.1650816111246747,
    1.9710744223276775,
    1.932182116572062,
    1.8755079657236735,
    1.8521917213863797,
    1.9749489242129856,
    1.8907450242996215,
    1.8985002855936686,
    1.841623429277208,
    1.780284036424425,
    1.9119311575571696,
    2.4433609141455754,
    2.0740806362152098,
    1.8234393069797092,
    1.869052044190301,
    1.8647168482462566,
    1.928583784315321,
    2.036335064103868,
    1.9991418983459472,
    1.892773146777683,
    1.8278585728751289,
    1.7886425399780272,
    1.8642306484222413,
    1.8737185967551337,
    1.7483910566118028,
    2.0637848324245875,
    1.905922345267402,
    1.832464098654853,
    1.888985627831353,
    1.7913750439537897,
    1.9595566719479032,
    1.9786134079827202,
    2.0962185169008043,
    1.9794208379109701,
    1.7505511845058865,
    1.8760625310050116,
    1.8744997154659695,
    1.9167549395667183,
    1.9289402470058865,
    2.134406405512492,
    1.843417333984375,
    1.8649391354666816,
    1.8025362147861057,
    1.8593078501383464,
    1.7386732064565023,
    1.7690901483747694,
    1.8590771071539984,
    1.8068106435139974,
    1.8006807592603895,
    1.747118919965956,
    1.7756879231346978,
    1.8609049546135796,
    1.8782307998445298,
    1.6904613118277656,
    1.8177912404378256,
    1.607576340145535,
    1.6412840198940701,
    1.7069623635609945,
    1.8083290810055204,
    1.7431074694739448,
    1.7117716221703423,
    1.7201558221605089,
    1.6838963823106554,
    1.5224185578240288,
    1.6787095391167535,
    1.6634424722035726,
    1.5457039062288072,
    1.575012612830268,
    1.4739080856747098,
    1.497974902258979,
    1.5328845188564724,
    1.5590262126074896,
    1.5420079113430447,
    1.591631065220303,
    1.5634478663974338,
    1.5767920443852743,
    1.4184490787506103,
    1.459553441619873,
    1.4583949440002442,
    1.5282345360649956,
    1.4331672239939373,
    1.4180952315224542,
    1.3597399090237088,
    1.3903507032606337,
    1.3478550220065646,
    1.3473143718295628,
    1.2866189923392402,
    1.321514236831665,
    1.3280358084784614,
    1.3102297400368585,
    1.2959828374650744,
    1.296928927061293,
    1.2792742823706733,
    1.1846972048017714,
    1.2410295900980632,
    1.2918579235076904,
    1.2805449141608345,
    1.2200687190161812,
    1.2266774384392631,
    1.215702217854394,
    1.1936255958980984,
    1.2227864311218262,
    1.1685454781426323,
    1.130121800994873,
    1.1805291470421686,
    1.140452249262068,
    1.1356732462988959,
    1.151154659567939,
    1.1496631709628635,
    1.113526696311103,
    1.1089776015599568,
    1.0416490111668906,
    1.0835565366744995,
    1.067027447244856,
    1.0800759589301214
  ],
  "valid_loss": [
    1.4832887628555298,
    1.3185899144172668,
    1.230975473690033,
    1.1225681747436524,
    1.0742816143989562,
    1.038183609008789,
    1.3613232654571534,
    1.175209896183014,
    1.026289456653595,
    1.2305503986358644,
    1.6800763137817383,
    0.9574757396697998,
    1.0140229412078858,
    1.9781747344970704,
    1.1136193145751954,
    0.9684328907012939,
    0.9965235939025879,
    0.9549151452064514,
    1.712114617538452,
    1.5440630079269408,
    1.3515151098251343,
    1.2407610187530518,
    1.1759223941802979,
    1.1260978607177734,
    1.4084511041641234,
    1.213503778076172,
    1.212703604888916,
    1.1509349340438844,
    1.1402687963485718,
    1.1569764150619506,
    1.132044465637207,
    1.2344070106506349,
    1.1424567470550537,
    1.1190941827774048,
    1.1248760442733765,
    1.1633726678848266,
    1.137531951522827,
    1.0875033037185668,
    1.0705221527099609,
    1.0472598316192627,
    1.1200073257446288,
    1.0864612997055054,
    1.116576165485382,
    1.048167219543457,
    1.0324970753669738,
    1.0248840851783751,
    1.182500726699829,
    1.0557097652435303,
    1.0193539229393005,
    1.0160506385803223,
    1.0032630212783813,
    1.0099203008651734,
    1.068396195411682,
    1.0296557203292847,
    1.1444955354690551,
    1.3337219484329224,
    0.9696464576721191,
    1.0100549690246583,
    0.9831063585281372,
    1.0189510383605958,
    0.9975564588546753,
    0.9933268381118774,
    1.0009015338897704,
    0.9957681617736817,
    0.975227037525177,
    0.9976972841262818,
    0.98077828540802,
    1.0516819400787354,
    1.0090779998779298,
    1.0115658514022827,
    0.9619114429473877,
    0.9842610092163085,
    0.9690611835479737,
    1.0145374185562135,
    8.443469917678833,
    5.474113842201233,
    1.0039540555000306,
    0.9878579973220826,
    0.9690155870437622,
    0.999834762954712,
    0.9881572229385376,
    0.9695786991119385,
    0.9826247383117676,
    0.9428030685424804,
    0.9745836830139161,
    0.9583796831130982,
    0.9388697538375854,
    0.9461408739089966,
    0.9364870810508727,
    0.9488333602905273,
    0.9314519697189331,
    0.9321597312927246,
    0.9387267313957214,
    0.9469783647537231,
    0.9481388387680054,
    0.9319026428222656,
    0.9288011281013488,
    0.9213614757537841,
    0.9158804897308349,
    0.9468573169708252,
    0.9297938500404358,
    0.9243707061767578,
    0.9030002379417419,
    0.9228439237594604,
    0.8954994758605958,
    0.8815369003295899,
    0.8941864295959473,
    0.9139919538497925,
    0.9118550651550293,
    0.8889528238296509,
    0.8877392344474793,
    0.875651462650299,
    0.8899671573638916,
    0.872411402797699,
    0.8807536774635315,
    0.8734024770736695,
    0.8711679649353027,
    0.8627663021087646,
    25.492170310401917,
    1.0092876232147217,
    1.1589316372871399,
    0.859614844417572,
    0.8590836235046386,
    0.8501019559860229,
    0.8467416552543641,
    0.8499671962738037,
    0.8519933967590332,
    0.8425607648849487,
    0.844665150642395,
    0.8447224673271179,
    0.8475191530227661,
    0.840952427482605,
    0.8385208002090454,
    0.84345118932724,
    0.8458641403198243,
    0.8411408861160279,
    0.8379164227485657,
    0.8343119338989258,
    0.8347653233528137,
    0.8292290718078613,
    0.8266802644729614,
    0.8233470962524414,
    0.8152783332824707,
    0.8189643503189087,
    0.821576185131073,
    0.8191616296768188,
    0.8110930093765258,
    0.8152948818206787,
    0.8165300354003906,
    0.8130243207931519
  ],