{
  "config": {
    "dataset": "cifar10",
    "model": "resnet18",
    "optimizer": "LAKTJU",
    "epochs": 200,
    "batch_size": 128,
    "lr": 0.01,
    "weight_decay": 0.0001,
    "seed": 42,
    "save_dir": "./results/v13_round2",
    "data_dir": "./dataset",
    "workers": 4,
    "a_lr_ratio": 0.1,
    "warmup": 20,
    "c_base": 1.0,
    "kappa": 5.0,
    "homotopy_sharpness": 10.0,
    "homotopy_speed": 2.0,
    "kf_damping": 0.001,
    "kf_update_interval": 20,
    "label_smoothing": 0.1,
    "grad_clip": 0.0,
    "sam_rho": 0.05,
    "momentum": 0.9,
    "alpha_kf": 0.15,
    "alpha_adam_kf": 0.05,
    "s_max": 0.7,
    "kf_warmup": 500,
    "cos_sim_threshold": 0.0,
    "kf_clip_max": 50.0,
    "grad_centralization": true,
    "no_grad_centralization": false
  },
  "train_loss": [
    1.7569446831597222,
    1.410243144522773,
    1.273190892177158,
    1.2035452964994642,
    1.1349862149132623,
    1.0879029045740762,
    1.0643713773515489,
    1.0558971492343479,
    1.0475349900563558,
    1.0360389529440137,
    1.0585483023749458,
    1.0278377316580878,
    1.0062407509697808,
    1.0066359312269422,
    1.007873796357049,
    1.00135442398919,
    1.093541787232293,
    1.0191207413991292,
    1.0117966395484077,
    1.0484970136854384,
    1.0751569357554118,
    1.0500822843021818,
    1.1255156895955403,
    1.0363448316997952,
    1.0986547281901042,
    1.1852732277764215,
    1.1126933651182387,
    1.1057973197089301,
    1.2922653973049587,
    1.3757146540111966,
    1.2917860547807483,
    1.2510723580678305,
    1.2330274259779188,
    1.2901761742485893,
    1.3879926745096842,
    1.227257391166687,
    1.206440882619222,
    1.3434652925279404,
    1.779403305223253,
    1.4445071302837795,
    1.375363027742174,
    1.4176829622480605,
    1.348351833428277,
    1.359895583958096,
    1.3937293003929987,
    1.5205430853525796,
    1.4726195711771648,
    1.6106609047783746,
    1.7278105108473036,
    1.5280286268022325,
    1.5043505205578274,
    1.4412945884280735,
    1.4781380324469673,
    1.4457087838490803,
    1.3617601353539361,
    1.3196782507154676,
    1.6141446075015597,
    1.4996781667921277,
    1.4935089394887289,
    1.36771858030955,
    1.3380703534868028,
    1.4896743845833673,
    1.5361315561930338,
    1.5042206400553386,
    1.3976454881244236,
    1.4833613410949706,
    1.4416657165527345,
    1.6538666180928547,
    1.6784357059054904,
    1.5163159398820665,
    1.4661212910546197,
    1.328300989871555,
    1.2300616262435913,
    1.3486250296698676,
    1.4263404049555461,
    1.454680694495307,
    1.5964854011323717,
    1.4898648827870686,
    2.378553248002794,
    2.4211457739724054,
    2.079863445663452,
    1.729613847732544,
    1.6655841809802585,
    1.6591269205093384,
    1.5767616313934327,
    1.6459698895348442,
    1.4630264660729302,
    1.5575734280904134,
    1.6016718027326795,
    1.529166626124912,
    1.4312943807601928,
    1.3973818636576334,
    1.520800399356418,
    1.9924835159301757,
    1.7930684886932373,
    1.5250088152567545,
    1.633176438140869,
    1.442530157767402,
    1.4071548908233642,
    1.3397759181128608,
    1.4373403141233656,
    1.494398281648424,
    1.4017352339426676,
    1.4142687384923298,
    1.528970984670851,
    1.4635043956332736,
    1.3402438969506159,
    1.353411960389879,
    1.388277897644043,
    1.4303972929212783,
    1.2790109397888183,
    1.2859623100280761,
    1.3987304742601183,
    1.3096247689353095,
    1.3098545191023085,
    1.256449467086792,
    1.2949443792555067,
    1.2965377995385063,
    1.3009392246670193,
    1.2816904838350085,
    1.2725078274620905,
    1.155802278942532,
    1.1537935288323296,
    1.1696892754448784,
    1.1064606949806213,
    1.1815247977786594,
    1.2622676783243816,
    1.2187261559380425,
    1.1526526202731662,
    1.1185700705210369,
    1.1616743287404379,
    1.1289507885403103,
    1.0836760893079969,
    1.0770873777177599,
    1.051442769686381,
    1.081857487318251,
    1.1481887512948779,
    1.0649829800287882,
    1.088070919587877,
    1.0696212742911444,
    1.0255357377582126,
    1.007113478893704,
    0.9913664489746093,
    1.0210379479514229,
    0.9996199328952365,
    0.9787926613383823,
    0.9830866910510593,
    1.010488695801629,
    0.9977799923790825,
    0.9609039825439453
  ],
  "valid_loss": [
    1.4011166149139405,
    1.2293309371948242,
    1.1524039625167846,
    1.1360429258346558,
    1.1375263782501221,
    0.9904737762451172,
    1.044680345916748,
    1.1904272301673888,
    0.9541459670066833,
    1.0823527828216553,
    1.685437523651123,
    1.409831826210022,
    1.1002309442520142,
    1.0258424470901488,
    0.8220541340827942,
    1.0186068684577942,
    0.8371909505844116,
    1.4539789775848388,
    4.090787043190002,
    0.898743681716919,
    1.1534207094192506,
    1.1345676342010498,
    0.929509204864502,
    0.9519516437530517,
    2.08268693523407,
    1.463612189102173,
    1.4311173163414002,
    2.673925019836426,
    1.1491258178710937,
    0.8672283037185669,
    0.8435837845802308,
    0.8595016065597534,
    0.8789066026687622,
    0.8849006620407105,
    0.8763411100387574,
    0.8489671992301941,
    0.8560645185470581,
    0.8443796562194824,
    0.9711960059165955,
    0.928235997390747,
    0.9009341066360473,
    0.8953554394721985,
    0.873868793964386,
    0.85923482837677,
    0.8725181057929993,
    2.8813144412994385,
    1.0150183673858642,
    0.9941034187316895,
    0.9067548332214356,
    1.0024342869758607,
    0.8758745071411133,
    0.9399152710914612,
    0.8808119084358216,
    0.8792337087631226,
    0.8382782941818238,
    0.8879878765106202,
    0.8917312259674073,
    0.8667571300506591,
    0.8952377903938293,
    0.8600234115600586,
    2.14786227684021,
    0.9086557862281799,
    0.8494671336174011,
    0.8849249771118164,
    0.8851291473388672,
    4.501520816802978,
    1.2830421814918518,
    0.9714279670715332,
    0.8791212527275085,
    1.0359133834838867,
    3.8221445125579834,
    4.922346372222901,
    3.063130894947052,
    14.500258752441406,
    6.200900587558746,
    4.550422752666473,
    6.394517128372192,
    0.8604910360336304,
    1.701911015701294,
    1.3290531330108644,
    1.1508741603851318,
    1.03023387260437,
    0.9688525384902954,
    0.9506425504684448,
    0.9244891847610474,
    0.9172539560317993,
    0.8988856956481933,
    0.8830300968170166,
    0.875748034286499,
    0.8697996934890747,
    0.858362996673584,
    0.8707308711051941,
    0.869092102432251,
    1.0302262119293213,
    0.9499886306762695,
    0.8998567324638367,
    0.9239761074066162,
    0.8854009538650512,
    0.8681755477905273,
    0.8727180454254151,
    0.8606794668197632,
    0.8578533340454102,
    0.8680156037330627,
    1.0051994756698608,
    0.8592781289100647,
    0.8735580108642578,
    0.846459423828125,
    0.8356494459152222,
    0.846941030883789,
    0.8476264911651611,
    0.8274745897293091,
    0.8177861388206482,
    0.8331451585769654,
    0.8273964756965637,
    0.812595397567749,
    0.814852083492279,
    0.816746054649353,
    0.8219915380477906,
    0.8099329412460328,
    0.8149489094734191,
    0.7932052743911743,
    0.7858443934440613,
    0.7870542747497559,
    0.7938354106903076,
    0.786189070892334,
    0.8021513535499573,
    0.7986516260147095,
    0.7915946215629578,
    0.7741957673072815,
    0.8020266727447509,
    0.7820184680938721,
    0.7779011669158935,
    0.7796313821792602,
    0.7699543180465698,
    0.7709258630752563,
    0.7692449378967285,
    0.7786622259140015,
    0.758651267528534,
    1.3714778717041016,
    3.6749177850723265,
    5.179796529960632,
    10.492670596313477,
    5.802963054943085,
    1.5340045566558838,
    3.4113005706787107,
    4.845662326431275,
    9.399135486125946,
    2.2136964270591735,
    3.4915987382888796,
    4.325425290298462
  ],