{
  "config": {
    "dataset": "cifar10",
    "model": "resnet18",
    "optimizer": "LAKTJU",
    "epochs": 200,
    "batch_size": 128,
    "lr": 0.01,
    "weight_decay": 0.0001,
    "seed": 456,
    "save_dir": "./results/v13_round2",
    "data_dir": "./dataset",
    "workers": 4,
    "a_lr_ratio": 0.1,
    "warmup": 20,
    "c_base": 1.0,
    "kappa": 5.0,
    "homotopy_sharpness": 10.0,
    "homotopy_speed": 2.0,
    "kf_damping": 0.001,
    "kf_update_interval": 20,
    "label_smoothing": 0.1,
    "grad_clip": 0.0,
    "sam_rho": 0.0,
    "momentum": 0.9,
    "alpha_kf": 0.15,
    "alpha_adam_kf": 0.05,
    "s_max": 0.7,
    "kf_warmup": 500,
    "cos_sim_threshold": 0.0,
    "kf_clip_max": 50.0,
    "grad_centralization": true,
    "no_grad_centralization": false
  },
  "train_loss": [
    1.8417164691501193,
    1.404267421828376,
    1.3035804745992026,
    1.2215452466752794,
    1.1673170447243584,
    1.1263998984866672,
    1.1003383462905885,
    1.0634179886076185,
    1.047868573697408,
    1.0225586896896361,
    1.0075276093800862,
    0.9813945384131537,
    0.9785184290144179,
    0.9679708156797621,
    0.9436006563292609,
    0.9131556736416286,
    0.9183014982223511,
    0.9014417534722222,
    0.9194930323918661,
    0.9361199181026882,
    0.9467264803462558,
    0.9501830166392856,
    0.8967424907048543,
    0.8998478899637858,
    0.8750502394676208,
    0.9056178993225098,
    0.9464121429125468,
    0.9439721503045824,
    0.899669774140252,
    0.9777389392852783,
    0.8849960038503011,
    0.9754860981835259,
    0.877086246893141,
    0.8500552339341906,
    0.9895311376571655,
    0.8935222808625963,
    0.8862250779999628,
    0.9542869522412618,
    0.9219117881774902,
    0.8840334367752075,
    0.8763355067782932,
    1.032491670619117,
    0.9362162921587626,
    0.9556965459187825,
    0.9397275890774197,
    0.8494281973520915,
    1.2118193788316516,
    0.8929224647945828,
    0.8993639873080783,
    0.9231357501771715,
    0.9375458040555318,
    0.8691768764919705,
    1.8776235400305854,
    1.2832189631144206,
    1.160957151137458,
    1.0484621549394395,
    0.9622587279637654,
    1.0077785274505615,
    1.4228417316012911,
    1.1224345299826728,
    1.0296964445326064,
    0.9927732877519395,
    0.9539080321735806,
    0.9532136433389452,
    0.9036355798827277,
    0.9245717042711046,
    0.832049615181817,
    0.9569809743033515,
    0.9935308879428439,
    0.9464166733000013,
    1.3503180268181696,
    1.0543762392467924,
    1.0303376059426201,
    1.3411019790649414,
    0.9686831746843126,
    0.9726951664076912,
    0.9804813747406006,
    0.9693529309272766,
    0.8615009094556173,
    0.8490546338293288,
    0.8364653467178345,
    0.8393372113757663,
    0.8299734423319499,
    0.8219868565453423,
    0.9249015999158223,
    1.3072119555155437,
    0.9639681308322483,
    0.8956922131432428,
    0.8696871862623426,
    0.8253073939853245,
    0.8683963606304592,
    0.8337681657261319,
    0.8137022877375285,
    0.787789766438802,
    0.8669693354818556,
    0.9038848809772068,
    0.8653282312181261,
    0.9035690015580919,
    0.8315798884073893,
    0.8125113691329956,
    0.810409689394633,
    0.7889679316838583,
    0.8888011110517714,
    0.9869797750261095,
    0.8909190882152981,
    0.7953549004660713,
    0.7663623295678033,
    0.7615936690436469,
    0.7758904749976264,
    0.7608498080041673,
    0.737348780324724,
    0.7407692860285441,
    0.7426818638801574,
    0.7201246516651577,
    0.7638665431234571,
    0.7660311760584513,
    0.7196235171106127,
    0.7409426247914632,
    0.7983476779513888,
    0.7267573142157661,
    0.7058658903121948,
    0.6818507991366917,
    0.6851910443835788,
    0.7552733090506659,
    0.7697134253925747,
    0.7418670229593913,
    0.7249714162084792,
    0.6887440283245511,
    0.7028646385192872,
    0.6969063089582656,
    0.6836483112335205,
    0.6879659329308404,
    0.6723535937627156,
    0.6763578427102831,
    0.6600452983220418,
    0.6707058209949069,
    0.6621258517901103,
    0.6460937002287971,
    0.6334747001647949,
    0.6444586226145427,
    0.6351784086969163,
    0.6273419761763679,
    0.6258189422925313,
    0.6273086158540514,
    0.6260312016805013,
    0.6316060677846272,
    0.6226968752331203,
    0.6232872525215148,
    0.613702150885264,
    0.6293054694917467
  ],
  "valid_loss": [
    1.4629415662765504,
    1.2659765209197997,
    1.1944611658096314,
    1.1297218169212342,
    1.092808401107788,
    1.0867536241531373,
    1.0570834609985351,
    1.0747975595474244,
    1.10537320022583,
    1.004646806049347,
    0.9314115850448609,
    0.9516711122512818,
    1.0439059986114503,
    1.0094114239692689,
    0.925783642578125,
    0.9888306076049804,
    0.8696327655792236,
    0.9399210153579712,
    0.9259140335083008,
    1.0688101071357727,
    1.4591267715454102,
    0.9416325888633728,
    1.044497890663147,
    0.9674158663749695,
    0.9673433737754822,
    2.1929225063323976,
    1.0040001220703125,
    0.9468026277542114,
    1.1180298370361328,
    1.141226632499695,
    2.045305645561218,
    1.0332587139129639,
    0.9153281507492066,
    1.4336540808677674,
    1.0250240907669068,
    1.0064875515937806,
    0.9859464824676514,
    1.1304351719856263,
    8.693381095886231,
    1.0815650157928467,
    1.2847048309326172,
    1.1018088859558106,
    1.013059923362732,
    1.233359320640564,
    0.9621438814163208,
    1.5493450807571412,
    1.2789884585380553,
    1.3003530969619752,
    1.2946725734710693,
    1.6552727424621583,
    1.0018894104003906,
    1.4379567443847656,
    1.6668206729888917,
    1.343132271385193,
    1.6454461366653443,
    1.3323491742134095,
    1.271375397491455,
    1.4233267924308777,
    1.6287423713684082,
    1.2100249095916749,
    1.1458619559288026,
    1.6030438702583314,
    1.180466979408264,
    2.1078856106758117,
    1.2933827589035034,
    1.5057012395858764,
    1.1114525382995606,
    1.4294540626525878,
    1.1792255385398864,
    1.1396098999023438,
    2.395716086387634,
    1.8953835040092468,
    8.081833377075196,
    1.264710720348358,
    1.4639185333251954,
    1.4662187847137451,
    2.6118619035720827,
    0.959106676197052,
    1.0075280565261842,
    1.091937935256958,
    1.0039682418823241,
    0.9214744213104248,
    1.1838239706039428,
    0.9234602405548096,
    2.871723731327057,
    1.507663705444336,
    1.0844845191955566,
    1.2519904556274415,
    1.1810866037368775,
    1.6698210800170898,
    1.5149329648971557,
    0.9052653546333314,
    1.1067403757095338,
    0.8410781322479248,
    1.703632642173767,
    1.3456808959960938,
    1.9527258284568787,
    1.0656150245666505,
    1.8484778659820558,
    2.7113038414001465,
    2.591626101589203,
    1.2634139827728272,
    3.7949242939949035,
    1.1002784170150757,
    1.176003586769104,
    1.2772914937973023,
    0.9958419130325318,
    1.196691268157959,
    1.1745716238975525,
    1.2668663599014283,
    1.0354829948425293,
    1.1582767546653747,
    1.2464623935699464,
    0.9895453594207764,
    1.125318616104126,
    1.440231344604492,
    1.0200084738731385,
    0.9385633625030517,
    0.8359792896270752,
    1.1945183696746826,
    1.1821323300361632,
    1.048787463760376,
    0.840112207698822,
    1.055453803920746,
    0.8222890825271606,
    3.1016109373092653,
    0.9500476140022278,
    0.944629508972168,
    1.1836620487213134,
    1.1713092466354371,
    0.9062585468292237,
    1.0123431253433228,
    0.9345223403930664,
    0.9725117427825928,
    1.2006753192901611,
    1.4199238940238952,
    0.7757058847427368,
    0.7920357915878296,
    0.7752789025306701,
    0.8341438861846924,
    0.8319764097213745,
    0.7855937569618225,
    1.304236104774475,
    0.8878674816131592,
    1.2481567874908448,
    0.9709146263122559,
    0.78080061378479,
    0.8042620697975159,
    1.0779617261886596,
    0.8710137360572815
  ],