{
  "config": {
    "dataset": "cifar100",
    "model": "resnet18",
    "optimizer": "LAKTJU",
    "epochs": 200,
    "batch_size": 128,
    "lr": 0.01,
    "weight_decay": 0.0001,
    "seed": 456,
    "save_dir": "./results/v13_round2",
    "data_dir": "./dataset",
    "workers": 4,
    "a_lr_ratio": 0.1,
    "warmup": 20,
    "c_base": 1.0,
    "kappa": 5.0,
    "homotopy_sharpness": 10.0,
    "homotopy_speed": 2.0,
    "kf_damping": 0.001,
    "kf_update_interval": 20,
    "label_smoothing": 0.1,
    "grad_clip": 0.0,
    "sam_rho": 0.0,
    "momentum": 0.9,
    "alpha_kf": 0.15,
    "alpha_adam_kf": 0.05,
    "s_max": 0.7,
    "kf_warmup": 500,
    "cos_sim_threshold": 0.0,
    "kf_clip_max": 50.0,
    "grad_centralization": true,
    "no_grad_centralization": false
  },
  "train_loss": [
    4.002990444522434,
    3.455245619074504,
    3.0569961990356447,
    2.7884183350457086,
    2.601800771331787,
    2.4583182838016087,
    2.358955045191447,
    2.2603026051839192,
    2.194357437049018,
    2.1206314699384903,
    2.062787528991699,
    2.01105218556722,
    1.9715519439697267,
    1.922623587989807,
    1.8803750521553888,
    1.8399592502593993,
    1.8126473758273653,
    1.7708196455213758,
    1.7376174037509495,
    1.709232614156935,
    1.6825698780907525,
    1.6644423351711697,
    1.6373908193800184,
    1.6153623818715412,
    1.5845837337070041,
    1.5703382447984484,
    1.5477526461283366,
    1.5398655005560982,
    1.5245126563602023,
    1.5104798524856566,
    1.497562573729621,
    1.4772059667375352,
    1.4570178101009792,
    1.4432020368364122,
    1.4232087126837836,
    1.4141122713300918,
    1.3863205130259195,
    1.3716458274417453,
    1.3529337351269193,
    1.3518550735049777,
    1.335080922847324,
    1.32066383228302,
    1.3032341925726996,
    1.3025464131249322,
    1.2861840413411458,
    1.2712944900936551,
    1.260463447740343,
    1.2493185633129544,
    1.2446022827572292,
    1.2327524877760145,
    1.2239931140475804,
    1.2149031330956352,
    1.2150902565638224,
    1.2010546506245932,
    1.19532204791175,
    1.187982969156901,
    1.1773617999606663,
    1.1704265000025431,
    1.1659183884302775,
    1.157909727054172,
    1.1475432242075603,
    1.1413886583540174,
    1.1363665612538656,
    1.1281441923353408,
    1.1242278335147433,
    1.1171316102345785,
    1.1205145195643107,
    1.108940255694919,
    1.1024911112043592,
    1.0972081591712104,
    1.0907442142274644,
    1.087595771959093,
    1.083581157514784,
    1.075390396478441,
    1.0724432027816773,
    1.0668095790439183,
    1.0611921990288629,
    1.0574147425121732,
    1.0532441972520616,
    1.0498322635862563,
    1.0425880824406941,
    1.0370575132581923,
    1.0363385928259956,
    1.0307546746995715,
    1.026067891184489,
    1.021875221633911,
    1.023432811525133,
    1.0176004818810358,
    1.0088999714957343,
    1.0016981306287978,
    1.0013705735736422,
    0.995298349041409,
    1.003043558247884,
    0.995242918586731,
    0.9907706997129653,
    0.9867890656577216,
    0.9822585859934488,
    0.9801314791255528,
    0.9776683295779758,
    0.9698119004143609,
    0.9683491397857666,
    0.963984131834242,
    0.9633250251240201,
    0.9580119775772095,
    0.9568501806683011,
    0.9554752502865261,
    0.9515973754247029,
    0.9485940240648058,
    0.9432725448820326,
    0.9434618403328789,
    0.9377627087593079,
    0.9373873165872362,
    0.9352101411925422,
    0.932304542265998,
    0.9298258143954807,
    0.9271803048451741,
    0.9251951587359111,
    0.9203244172096252,
    0.9194614760504829,
    0.9151218246671888,
    0.9134087450345357,
    0.9109316618495518,
    0.908893035528395,
    0.9088670119179619,
    0.9050947597503662,
    0.9007081431706746,
    0.9018657443470425,
    0.8990081481509739,
    0.8975942490577697,
    0.8938532124625312,
    0.8919481869697571,
    0.8913707082854377,
    0.8880503531032138,
    0.8869413714726766,
    0.8821903949737548,
    0.8836967557907105,
    0.881876272614797,
    0.8804860778384739,
    0.8788824852837457,
    0.8782987660196092,
    0.8762048065609402,
    0.8715790333112081,
    0.869017085340288,
    0.8684157973819309,
    0.868442798699273,
    0.8675955327245924,
    0.8654854413774279,
    0.8646197246445549,
    0.8625357335196601,
    0.861975596915351
  ],
  "valid_loss": [
    3.6137055061340333,
    3.1145261863708495,
    2.849070240402222,
    2.5977262104034424,
    2.4766595966339113,
    2.3639200855255127,
    2.3265232719421385,
    2.286957749938965,
    2.2271305198669435,
    2.1765504997253418,
    2.203969249343872,
    2.146170901107788,
    2.149601228713989,
    2.1156900890350343,
    2.0866683330535887,
    2.1047147430419924,
    2.1308445487976075,
    2.1189917804718017,
    2.086484320449829,
    2.091725491333008,
    2.0978984771728517,
    2.071089280319214,
    2.101565349197388,
    2.091878451728821,
    2.0645019355773924,
    2.0986351459503174,
    2.094508941650391,
    2.091842970275879,
    2.098203137969971,
    2.0703209190368654,
    2.0878012477874757,
    2.104967960166931,
    2.0734148155212404,
    2.0925869537353514,
    2.053849151611328,
    2.042105897140503,
    2.046964582824707,
    2.0229200517654418,
    2.0460817504882813,
    2.0543702795028684,
    2.042791103744507,
    2.036137191772461,
    2.048674661254883,
    2.048027621269226,
    2.0327936878204347,
    2.0247796813964842,
    2.0132171100616456,
    2.0056448593139646,
    1.9919363243103028,
    1.9850248908996582,
    2.0014119773864745,
    2.0030875709533693,
    2.0042491680145265,
    1.9923635967254638,
    1.9585154693603515,
    1.9663139877319336,
    1.985073258781433,
    1.9540414016723633,
    1.9484331565856934,
    1.9300683654785156,
    1.9529499561309815,
    1.953927550125122,
    1.9495940719604492,
    1.9465281021118164,
    1.9272563777923584,
    1.9196220642089843,
    1.9373139694213868,
    1.9336212131500243,
    1.9436201751708984,
    1.9329778909683228,
    1.9342850353240966,
    1.936683363342285,
    1.9307826852798462,
    1.931605312728882,
    1.9365353481292724,
    1.9348638038635253,
    1.921151774597168,
    1.9151427513122559,
    1.922240924835205,
    1.9110958854675293,
    1.9158331771850585,
    1.9096674449920654,
    1.9088287551879883,
    1.9327448175430297,
    1.922446925354004,
    1.9084794036865234,
    1.8856024013519288,
    1.8790906372070313,
    1.8724693788528441,
    1.8937839626312256,
    1.9075742151260375,
    1.8747580490112306,
    1.8665626792907715,
    1.879962313079834,
    1.8508149095535278,
    1.8754973286628722,
    1.8534480186462403,
    1.8758190799713135,
    1.86487998046875,
    1.8461364414215087,
    1.8506377338409423,
    1.8641875583648682,
    1.8387964141845703,
    1.8466214178085327,
    1.839460816383362,
    1.8458703727722168,
    1.8369815513610839,
    1.8352787689208985,
    1.832863990020752,
    1.8275342666625976,
    1.8296367038726806,
    1.814126293373108,
    1.8229825939178468,
    1.8137791416168212,
    1.8316884525299073,
    1.827555739212036,
    1.8246819213867187,
    1.8211444107055663,
    1.8149980550765992,
    1.8226900226593017,
    1.8134698986053466,
    1.8209625816345214,
    1.8182192054748536,
    1.8199997489929198,
    1.80235270652771,
    1.8048283283233642,
    1.8126675548553466,
    1.8050179737091065,
    1.7998466651916505,
    1.8048331352233886,
    1.817142733001709,
    1.7983962463378906,
    1.8042407596588135,
    1.8121540300369263,
    1.8159395973205565,
    1.802513222694397,
    1.7923110340118409,
    1.7929742092132568,
    1.7815770175933838,
    1.7934677808761597,
    1.782181422996521,
    1.7930301406860352,
    1.7895489767074586,
    1.7970113857269288,
    1.7856820819854737,
    1.7925052639007568,
    1.7791989749908448,
    1.7896555969238281,
    1.7792189990997314,
    1.776586092376709
  ],