{
  "config": {
    "dataset": "cifar100",
    "model": "resnet18",
    "optimizer": "LAKTJU",
    "epochs": 200,
    "batch_size": 128,
    "lr": 0.01,
    "weight_decay": 0.0001,
    "seed": 123,
    "save_dir": "./results/v13_round2",
    "data_dir": "./dataset",
    "workers": 4,
    "a_lr_ratio": 0.1,
    "warmup": 20,
    "c_base": 1.0,
    "kappa": 5.0,
    "homotopy_sharpness": 10.0,
    "homotopy_speed": 2.0,
    "kf_damping": 0.001,
    "kf_update_interval": 20,
    "label_smoothing": 0.1,
    "grad_clip": 0.0,
    "sam_rho": 0.05,
    "momentum": 0.9,
    "alpha_kf": 0.15,
    "alpha_adam_kf": 0.05,
    "s_max": 0.7,
    "kf_warmup": 500,
    "cos_sim_threshold": 0.0,
    "kf_clip_max": 50.0,
    "grad_centralization": true,
    "no_grad_centralization": false
  },
  "train_loss": [
    4.003338935936822,
    3.473376692750719,
    3.073712853410509,
    2.791482653681437,
    2.5878919895595973,
    2.4374360698276094,
    2.328016580284966,
    2.2411637260013157,
    2.1579690882788762,
    2.0848108929104274,
    2.0334397099812827,
    1.9763502944310507,
    1.9285194971720379,
    1.8862929095798069,
    1.841107403564453,
    1.8090012202368841,
    1.7653752022213407,
    1.7461709072536893,
    1.7108574988471137,
    1.6749101021872626,
    1.6559630733913846,
    1.6316333536995782,
    1.6081114647335477,
    1.5840094156689115,
    1.5637850086424085,
    1.5435523207346598,
    1.5292704836103652,
    1.5081847063700358,
    1.4947011998070612,
    1.4815102747387356,
    1.4682545370737712,
    1.45178751089308,
    1.434497858174642,
    1.4334862949583265,
    1.4162898424784343,
    1.412174329884847,
    1.3990870338016086,
    1.3852123696221246,
    1.3741191491232978,
    1.3723739812850952,
    1.3534716145621406,
    1.344368232006497,
    1.331760109286838,
    1.325161300977071,
    1.316156794611613,
    1.300058307732476,
    1.2859602629767524,
    1.282887288708157,
    1.2644589051564534,
    1.2579243878894382,
    1.2516289694892035,
    1.2350006313323976,
    1.233405961227417,
    1.2223499794218275,
    1.2129542226579455,
    1.2124996565500896,
    1.1976690988752576,
    1.1915266252305772,
    1.1739648989783393,
    1.1719582136366102,
    1.1672496770222982,
    1.1583028369903565,
    1.1551488395267062,
    1.139778768051995,
    1.140723383500841,
    1.133486838361952,
    1.1233813236236572,
    1.1256680919859143,
    1.1150899652904935,
    1.1084964804755317,
    1.1060558604982165,
    1.1036177824656168,
    1.0935609120686849,
    1.0893887746598985,
    1.0828125144958496,
    1.0837071731567383,
    1.0773340740203858,
    1.06246839266883,
    1.0658512719048394,
    1.056944409412808,
    1.0504783274756537,
    1.0491582579506769,
    1.0427347947862413,
    1.0413302232106527,
    1.0401054371303982,
    1.029663265630934,
    1.0264937035454644,
    1.0266967738469441,
    1.0181460649278429,
    1.0172295182334052,
    1.0153901815414428,
    1.0065953937848409,
    1.0081741032070584,
    1.002366954527961,
    0.9984942015753852,
    0.9980408035384284,
    0.9918963407092625,
    0.9861895864168803,
    0.982111616982354,
    0.9784914856592815,
    0.9807704601287842,
    0.975088402027554,
    0.970846033583747,
    0.9712596576266819,
    0.9651210020171271,
    0.9631660031000773,
    0.9620962640762329,
    0.9574637981308831,
    0.9553298811382718,
    0.9554714398490058,
    0.947591548230913,
    0.9448290543132358,
    0.9416246448728773,
    0.9376418591711256,
    0.9393171771473354,
    0.935844273991055,
    0.9322656671312121,
    0.9314049920823839,
    0.9253904643588596,
    0.9236268888049656,
    0.9229470659679837,
    0.9216964888042873,
    0.9193710121366713,
    0.9168756496535407,
    0.9143319654040867,
    0.9123891998396979,
    0.9111814915127224,
    0.9055495940314399,
    0.9056099811024136,
    0.9037482614623176,
    0.9024850484000312,
    0.8982263113975525,
    0.897018622133467,
    0.8956499248292711,
    0.8944434168391757,
    0.8895991725073921,
    0.8885448999404907,
    0.8881171944300333,
    0.8862698010444641,
    0.8844320346938239,
    0.883557192993164,
    0.8836458826700846,
    0.8804682521396213,
    0.8781360976113214,
    0.8770477076954312,
    0.8773856691890293,
    0.8760419445461697,
    0.87347500655916,
    0.8724949267281427,
    0.8707558957841661
  ],
  "valid_loss": [
    3.5967995388031007,
    3.139631846618652,
    2.795861222457886,
    2.5581525764465334,
    2.440764461898804,
    2.3605755388259886,
    2.2714430458068846,
    2.201510418701172,
    2.1770940811157224,
    2.1021785970687867,
    2.1083728544235227,
    2.0642460971832275,
    2.0715959182739256,
    2.0458550666809083,
    2.0235087574005126,
    1.9998823402404786,
    2.002964121627808,
    1.976107430267334,
    2.0136778324127196,
    1.9811760963439942,
    1.9903316619873046,
    1.990420538711548,
    1.9722276008605957,
    2.0067939262390135,
    2.018176315689087,
    1.9849929752349853,
    2.01224189491272,
    2.0219454067230225,
    2.0205428340911866,
    2.0245197723388673,
    2.0443014396667483,
    2.0067034313201906,
    2.040200235366821,
    2.009257934951782,
    2.0215077350616455,
    2.0424842330932615,
    2.0026990390777586,
    2.0379408641815187,
    2.0356226478576662,
    2.0014512475967408,
    2.0359913093566893,
    2.0136723567962647,
    1.981125345993042,
    1.9904070623397827,
    1.9807584197998047,
    1.9723244842529297,
    1.9893031671524048,
    1.9762696434020997,
    1.9950451072692872,
    1.9618277309417724,
    1.960867508125305,
    1.9760795391082764,
    1.9700915355682374,
    1.9489002777099609,
    1.9519212253570557,
    1.9219603225708008,
    1.9238562633514404,
    1.934963307952881,
    1.9298390886306762,
    1.9499837206840516,
    1.894445637512207,
    1.9114320713043214,
    1.9089956073760985,
    1.9267130214691162,
    1.8915372875213623,
    1.9142796352386475,
    1.9187439765930177,
    1.9090467170715333,
    1.902011450958252,
    1.8895458961486817,
    1.8713518115997314,
    1.8695446800231934,
    1.8637662311553955,
    1.8994106254577636,
    1.8632404663085937,
    1.908082378768921,
    1.8706943798065185,
    1.8610913593292235,
    1.8467293422698974,
    1.8496660995483398,
    1.8537140430450438,
    1.8388229339599609,
    1.8712460494995118,
    1.8665531723022462,
    1.8558833827972412,
    1.8718335628509521,
    1.847398595046997,
    1.8473968406677246,
    1.826500658416748,
    1.844112391281128,
    1.8314238492965698,
    1.8227792320251466,
    1.8056908893585204,
    1.827977885055542,
    1.8100813251495362,
    1.8153790130615235,
    1.8055550708770751,
    1.8162564252853393,
    1.8016710876464843,
    1.8197767284393311,
    1.8069884357452393,
    1.8058899368286132,
    1.8098135730743408,
    1.8019103549957276,
    1.793514549255371,
    1.8117867149353026,
    1.8021880651473998,
    1.7858394382476808,
    1.7892516059875487,
    1.806153228378296,
    1.7994179420471192,
    1.7760402688980101,
    1.7888971996307372,
    1.7914307022094726,
    1.7890654647827149,
    1.7961875,
    1.7905838256835938,
    1.7800548212051392,
    1.772875556564331,
    1.7749737983703613,
    1.7911969837188721,
    1.7846775165557862,
    1.782914944267273,
    1.775965744781494,
    1.7707620418548584,
    1.7572370824813843,
    1.7673084415435791,
    1.771652912902832,
    1.7711230136871339,
    1.7880112495422362,
    1.7712291301727294,
    1.7698466384887694,
    1.7653579641342163,
    1.7627250926971436,
    1.7672350059509276,
    1.7585809589385986,
    1.7640729202270509,
    1.7603231529235839,
    1.7511524921417236,
    1.7600503704071044,
    1.770136880493164,
    1.7546441158294677,
    1.7681470252990723,
    1.7682956205368041,
    1.7622498817443848,
    1.7591554288864135,
    1.7463277481079102,
    1.7498201301574707,
    1.7487599700927734,
    1.7581491140365602
  ],