{
  "config": {
    "dataset": "cifar100",
    "model": "resnet18",
    "optimizer": "LAKTJU",
    "epochs": 200,
    "batch_size": 128,
    "lr": 0.01,
    "weight_decay": 0.0001,
    "seed": 42,
    "save_dir": "./results/v13_round2",
    "data_dir": "./dataset",
    "workers": 4,
    "a_lr_ratio": 0.1,
    "warmup": 20,
    "c_base": 1.0,
    "kappa": 5.0,
    "homotopy_sharpness": 10.0,
    "homotopy_speed": 2.0,
    "kf_damping": 0.001,
    "kf_update_interval": 20,
    "label_smoothing": 0.1,
    "grad_clip": 0.0,
    "sam_rho": 0.05,
    "momentum": 0.9,
    "alpha_kf": 0.15,
    "alpha_adam_kf": 0.05,
    "s_max": 0.7,
    "kf_warmup": 500,
    "cos_sim_threshold": 0.0,
    "kf_clip_max": 50.0,
    "grad_centralization": true,
    "no_grad_centralization": false
  },
  "train_loss": [
    3.99646721089681,
    3.457830021413167,
    3.0551762498219808,
    2.7817708718193903,
    2.5766156088935004,
    2.4318227603064644,
    2.3199945641411674,
    2.2253408009847004,
    2.142682997809516,
    2.07966105694241,
    2.019166778140598,
    1.9724172946929932,
    1.911130007235209,
    1.8834970443089802,
    1.8364058007134332,
    1.8015300993813408,
    1.7659796901914808,
    1.730375126838684,
    1.6957910119586521,
    1.6767229311201308,
    1.6572451518800524,
    1.6182158733155991,
    1.6028201791339451,
    1.5847992161009046,
    1.5617736568874783,
    1.5444653863271078,
    1.521310019217597,
    1.5023291210598415,
    1.492525634151035,
    1.4782378905826146,
    1.4616560788048638,
    1.455844593471951,
    1.4488576633029513,
    1.4342048632303874,
    1.430265385415819,
    1.410098203892178,
    1.402699376296997,
    1.386153253809611,
    1.3685547959857516,
    1.3590931970384386,
    1.3436393088022869,
    1.334403844663832,
    1.3217486161549885,
    1.303623474544949,
    1.2944410794999865,
    1.2872519712236192,
    1.272227971204122,
    1.256287532128228,
    1.25143806131151,
    1.2422503816392687,
    1.2336057630538941,
    1.217644100358751,
    1.2172549425760906,
    1.2072326689826118,
    1.202018868001302,
    1.1900892740461562,
    1.182216453912523,
    1.1748403991063436,
    1.1650883296754626,
    1.1573776828130087,
    1.1518846405877008,
    1.1559616507424249,
    1.14216594198015,
    1.1359973130120171,
    1.1285376700931125,
    1.1241022383583916,
    1.119558640246921,
    1.1099852537367079,
    1.1093042939927842,
    1.1002916679382324,
    1.0931609975602892,
    1.0926413030836317,
    1.0874427229987251,
    1.0731173055013021,
    1.0781373746236165,
    1.0690528633965386,
    1.0640838383144802,
    1.0585363488091364,
    1.0539102697796292,
    1.0557047409481473,
    1.0475373061498006,
    1.0399485400729709,
    1.0336320252736408,
    1.0336573385662502,
    1.0325202128516304,
    1.0262206479390463,
    1.020272159216139,
    1.0176635440614488,
    1.0136342109680176,
    1.007653791915046,
    1.0068083480834962,
    1.0045900591744317,
    0.9996080286873712,
    0.9923277387830947,
    0.992611198065016,
    0.9873416908476088,
    0.9889463265948826,
    0.9807074999703301,
    0.9770782006369697,
    0.9733998651822408,
    0.9755502243677775,
    0.9718779424667359,
    0.9687122640609741,
    0.9638661819458008,
    0.9609198392868042,
    0.9567571814431085,
    0.9555815530565049,
    0.9512407860226101,
    0.9488280549473233,
    0.9437264401647779,
    0.9460666401545207,
    0.9423255624347263,
    0.938294833946228,
    0.9357777400758531,
    0.9341364541371664,
    0.9310191947089301,
    0.9285693813535902,
    0.9280355386839972,
    0.9247635125372144,
    0.919959197447035,
    0.917930234781901,
    0.9172275966220432,
    0.9136488764656915,
    0.9129638023482428,
    0.9095812538994683,
    0.9093011067496406,
    0.9065762154897054,
    0.9031494180573357,
    0.9011502184126112,
    0.9006762892193264,
    0.8990291812472874,
    0.8957463733990987,
    0.893503511259291,
    0.892865544350942,
    0.8895133088005913,
    0.8893654018084208,
    0.8878426851696438,
    0.8861016158845689,
    0.8842233998616537,
    0.8812341893725925,
    0.8809664116011725,
    0.8783229515499539,
    0.8781411110454136,
    0.876918749554952,
    0.8757496387905545,
    0.8728715705659654,
    0.8722988108740912,
    0.8717414051479764,
    0.8682152008056641,
    0.8679770692825317
  ],
  "valid_loss": [
    3.568454775619507,
    3.0342970272064207,
    2.7040608142852784,
    2.5113582298278807,
    2.3732244667053224,
    2.273227922821045,
    2.2391202209472656,
    2.155072368621826,
    2.107234239387512,
    2.099532692718506,
    2.0576933872222902,
    2.0419493988037107,
    2.011620407104492,
    1.991880160522461,
    1.980975325012207,
    2.0023980464935303,
    1.9754449417114257,
    1.9680333896636963,
    1.9394763877868653,
    1.9125950006484986,
    1.9413778472900391,
    1.9335587064743043,
    1.943045496559143,
    1.9387204635620117,
    1.9617521175384522,
    1.9402919357299804,
    1.9284055032730103,
    1.9543388778686523,
    1.953978740310669,
    1.974337445449829,
    1.9586417974472046,
    1.9489290008544922,
    2.0187813835144044,
    1.982151449584961,
    2.0282372692108153,
    1.9711972053527833,
    1.964351901626587,
    1.978276907157898,
    1.9336211040496827,
    1.976015599822998,
    1.945631044769287,
    1.9662304359436036,
    1.9506401163101197,
    1.9502036430358887,
    1.9432910385131836,
    1.9397967679977417,
    1.939734377670288,
    1.9317628364562989,
    1.9156373317718507,
    1.9068048851013184,
    1.9196732551574707,
    1.9025781133651734,
    1.9189647045135498,
    1.91936480178833,
    1.8943008441925049,
    1.8639793214797973,
    1.8762117961883544,
    1.9073051651000976,
    1.8943815559387207,
    1.8704042549133302,
    1.8881545665740966,
    1.8433026439666749,
    1.866593183517456,
    1.8704567321777343,
    1.8625452514648437,
    1.87363385887146,
    1.8508359573364257,
    1.8563168075561522,
    1.8551968795776368,
    1.8394209970474242,
    1.8658688560485839,
    1.8623116863250733,
    1.8381203159332276,
    1.824206536102295,
    1.8534216087341309,
    1.8429939165115357,
    1.8392870008468627,
    1.8307495664596558,
    1.8403781497955323,
    1.82112799949646,
    1.804712100982666,
    1.8404288555145263,
    1.8365154029846191,
    1.8174854160308838,
    1.8144946598052978,
    1.8069937480926515,
    1.8277134338378906,
    1.815829658126831,
    1.789608644104004,
    1.7859464988708496,
    1.7999701124191285,
    1.7831301553726195,
    1.7815350437164306,
    1.791878865814209,
    1.780751117706299,
    1.791546824836731,
    1.7944874767303467,
    1.7846111740112305,
    1.771253787612915,
    1.7798198350906371,
    1.7883814693450928,
    1.786020966529846,
    1.788700451850891,
    1.7763122184753417,
    1.791467716217041,
    1.7806352630615234,
    1.7883691677093505,
    1.759508635520935,
    1.7772773002624511,
    1.7851577621459962,
    1.7561330982208252,
    1.7506746477127075,
    1.7529074649810792,
    1.7609456233978271,
    1.7555103843688964,
    1.7466392669677735,
    1.741233786201477,
    1.7683022247314453,
    1.7527548313140868,
    1.763723237991333,
    1.7711901287078857,
    1.7630337471008302,
    1.7611405536651612,
    1.7464970748901367,
    1.7440666076660156,
    1.7447075868606567,
    1.7463388080596924,
    1.75176416015625,
    1.749334503173828,
    1.7437591400146484,
    1.7426193500518798,
    1.7367399791717528,
    1.732292233657837,
    1.747557169151306,
    1.7401638618469237,
    1.7402680381774902,
    1.7321261878967285,
    1.7419716444015503,
    1.746443115234375,
    1.7562492567062378,
    1.7326707498550415,
    1.72987447681427,
    1.736814807510376,
    1.7298382270812989,
    1.7387665012359619,
    1.7369189453125,
    1.7408852756500244,
    1.7393813217163085,
    1.738892426300049,
    1.7260220344543458
  ],