{
  "config": {
    "dataset": "cifar10",
    "model": "resnet18",
    "optimizer": "LAKTJU",
    "epochs": 200,
    "batch_size": 128,
    "lr": null,
    "weight_decay": 0.0005,
    "seed": 42,
    "save_dir": "./results/fix_test",
    "data_dir": "./dataset",
    "workers": 4,
    "c_base": 1.0,
    "kappa": 5.0,
    "homotopy_sharpness": 10.0,
    "homotopy_speed": 1.0,
    "kf_damping": 0.001,
    "kf_update_interval": 20
  },
  "train_loss": [
    2.2249993476867678,
    2.1391531337314182,
    2.0414074168311225,
    1.9347321485307483,
    1.840973391363356,
    1.7601852870941161,
    1.6905407409032185,
    1.6243983882692126,
    1.570702287504408,
    1.5234656104405722,
    1.4778786671320598,
    1.4376880031585693,
    1.3990603789859348,
    1.3646060517205132,
    1.3262259531656901,
    1.2970749942143758,
    1.264999140463935,
    1.233731481997172,
    1.2025625526852077,
    1.1744976511213514,
    1.1507391843159993,
    1.1211719026353624,
    1.0925351171069675,
    1.070987298965454,
    1.0492956805547078,
    1.029118937810262,
    1.0003452336205376,
    0.9875383092244466,
    0.9618947445127699,
    0.9438348193804423,
    0.9215526351928711,
    0.9017473991605971,
    0.8862954618242052,
    0.8666867458873325,
    0.8495377312978108,
    0.8276775726954142,
    0.8146970950338576,
    0.8025169479688009,
    0.7823072198337979,
    0.7707439368247986,
    0.7560371219423082,
    0.7431391511281331,
    0.7288673990885417,
    0.7185759722709656,
    0.7091136614481608,
    0.6980792427062988,
    0.6860710088411967,
    0.6708462592654758,
    0.6669679289287991,
    0.6546202741093106,
    0.6407300418535868,
    0.6319121832529704,
    0.6227341351297166,
    0.6194997455596923,
    0.607726141887241,
    0.5959176741600036,
    0.5888285218556722,
    0.5808124943521288,
    0.5711516434351603,
    0.5657994240495894,
    0.5591970716794332,
    0.5483142692459955,
    0.5416368317710029,
    0.5295927168104384,
    0.5308690163400438,
    0.5180475946797265,
    0.5175407203462389,
    0.508534267950058,
    0.5047782885657417,
    0.49406806692547267,
    0.48538052020072936,
    0.4790221176147461,
    0.4718262736638387,
    0.4719514635403951,
    0.46136685288747153,
    0.46145505208439297,
    0.4547509346008301,
    0.44844630931218465,
    0.44605311172273426,
    0.43627540125317044,
    0.4291096455362108,
    0.4248239764849345,
    0.422695441754659,
    0.41616810835202533,
    0.4099501081466675,
    0.40471608844333223,
    0.4013750615649753,
    0.3980842196252611,
    0.3938909826172723,
    0.38617128776974147,
    0.3834726755566067,
    0.38157119478119744,
    0.37591587677001953,
    0.3722145443651411,
    0.3648057967238956,
    0.3615286603556739,
    0.3521418125735389,
    0.3526392889446682,
    0.3523000829961565,
    0.34339149594042034,
    0.34411774724854366,
    0.33317717347939807,
    0.3321192119571898,
    0.32939811544418335,
    0.32495136417282955,
    0.31835017318725584,
    0.31361892446941797,
    0.31083407173686556,
    0.31126707674132453,
    0.3072668254216512,
    0.30220972095065646,
    0.3000024368604024,
    0.29768903053071766,
    0.29441042142709095,
    0.2883519629213545,
    0.2836264192766613,
    0.28442292824321325,
    0.276615660683314,
    0.281921503967709,
    0.27243497358957924,
    0.27635176315837434,
    0.2661863097720676,
    0.2704947075049082,
    0.2617656446536382,
    0.26085327316919965,
    0.2597317887941996,
    0.2594304472287496,
    0.2545560760286119,
    0.2506041608598497,
    0.2416930836730533,
    0.24488292989730834,
    0.24163877051141527,
    0.23986533838907878,
    0.24023367741902668,
    0.23439923329883153,
    0.23219714515209197,
    0.22965214845339457,
    0.22271467419995203,
    0.22947692920102014,
    0.22134992671542697,
    0.2254982569085227,
    0.22092139179441664,
    0.21420018784867392,
    0.21294248077074687,
    0.21780552772945827,
    0.20976176414224837,
    0.2038093283865187,
    0.20729759338961706,
    0.20628471859296163,
    0.20147451366848415,
    0.20092502615451813,
    0.19976967634624906,
    0.20144068367481233,
    0.19518123541143206,
    0.1950121720340517,
    0.19465130656560262,
    0.189381278207567,
    0.19137006868521372,
    0.18958980015383825,
    0.18653943673769632,
    0.1834250404993693,
    0.18347747682068083,
    0.18140759754975636,
    0.17629954485893248,
    0.17732333449257745,
    0.1803654706372155,
    0.17839026662773555,
    0.17618065214157105,
    0.1759697790728675,
    0.17168829211129083,
    0.17306649157736037,
    0.16746105294757418,
    0.1750908255259196,
    0.17076355172263252,
    0.17024950712521872,
    0.16421113762325712,
    0.1664257153391838,
    0.16498860002093846,
    0.16628745632171632,
    0.1667088817225562,
    0.16532496038542854,
    0.1595734760655297,
    0.16120825440221362,
    0.15803665874269274,
    0.16202218202882343,
    0.161207321439849,
    0.1582603305723932,
    0.15583074378172557,
    0.16013194172117445,
    0.16060204776393042,
    0.1602827715502845,
    0.16098169317775302,
    0.15593238717714947,
    0.15913210344314574,
    0.1590221054315567,
    0.1579637840429942,
    0.15385089823802311,
    0.15651739772160847,
    0.15605254281891717,
    0.15908522462579938
  ],