{
  "config": {
    "dataset": "cifar100",
    "model": "resnet18",
    "optimizer": "LAKTJU_V9",
    "epochs": 200,
    "batch_size": 128,
    "lr": 0.02,
    "weight_decay": 0.001,
    "seed": 42,
    "save_dir": "./results/v9_round1b",
    "data_dir": "./dataset",
    "workers": 2,
    "a_lr_ratio": 0.2,
    "warmup": 100,
    "c_base": 1.0,
    "kappa": 5.0,
    "homotopy_sharpness": 10.0,
    "homotopy_speed": 5.0,
    "kf_damping": 0.001,
    "kf_update_interval": 20,
    "label_smoothing": 0.1,
    "grad_clip": 0.0,
    "sam_rho": 0.0,
    "momentum": 0.9,
    "alpha_kf": 0.0,
    "alpha_adam_kf": 0.0,
    "s_max": 0.7
  },
  "train_loss": [
    4.154941862572564,
    3.6406223960876467,
    3.346241610124376,
    3.0950069104088676,
    2.9061919858296714,
    2.731178241305881,
    2.597275512229072,
    2.4946161070081923,
    2.3837130700005424,
    2.3118978788163926,
    2.237824290254381,
    2.1792536286671957,
    2.1264398380703398,
    2.0691112223307293,
    2.017810830137465,
    1.972527970843845,
    1.9342540649414062,
    1.8838761936823527,
    1.8546056760576035,
    1.8105011878967285,
    1.7746494232389662,
    1.749316345808241,
    1.7079732361051772,
    1.6775053722805446,
    1.6477576762093438,
    1.611296824306912,
    1.585054314189487,
    1.5623278208414713,
    1.5338030931048923,
    1.5091142943488227,
    1.4824259259117973,
    1.449978719774882,
    1.439919651582506,
    1.4157478549321492,
    1.3837638010660807,
    1.3747003561019897,
    1.3510515671624077,
    1.3389342201656766,
    1.3139946446524726,
    1.3007249877929687,
    1.2836749689737956,
    1.268475366804335,
    1.2560196235232883,
    1.239727144771152,
    1.2314855106989542,
    1.209178346273634,
    1.1977820361667209,
    1.1935969542609322,
    1.183840768432617,
    1.1831971604241265,
    1.1706016945097182,
    1.153109107568529,
    1.1419966150071885,
    1.1361556660758125,
    1.12691531507704,
    1.1209585381189981,
    1.115246724489,
    1.1090854479047987,
    1.099272602060106,
    1.0866462096532186,
    1.0901036088731553,
    1.0827081926981608,
    1.0746681548012627,
    1.06800913772583,
    1.0658155207104154,
    1.058921390999688,
    1.0500706702974107,
    1.0412783802880181,
    1.0401083713743422,
    1.039875363752577,
    1.0315933147536385,
    1.0226877566867405,
    1.0156421890682645,
    1.018965289815267,
    1.0079424233754475,
    1.0120298335605198,
    1.0078403358459473,
    1.0048915573543973,
    0.9954023172802395,
    0.9919517029232449,
    0.9846170121510823,
    0.9822100019666884,
    0.9808594485388862,
    0.9779633946100871,
    0.9720476231892904,
    0.9691449917475382,
    0.9685385697046915,
    0.9635547064039442,
    0.959280820549859,
    0.9596139695909288,
    0.9527774332470365,
    0.953486208735572,
    0.9508825834910075,
    0.947644482337104,
    0.944291842312283,
    0.9383836422708299,
    0.9380796393288506,
    0.932515646425883,
    0.9305407554308573,
    0.9277870310041639,
    0.9256969978014629,
    0.9230566826502482,
    0.9217615975379944,
    0.9180500520600213,
    0.9140269266446431,
    0.9155987103568183,
    0.9132164595074124,
    0.9077466656155057,
    0.908579779264662,
    0.9046586160447863,
    0.9049660283936395,
    0.9031428588019477,
    0.8999320250087314,
    0.895443099255032,
    0.8953861801571317,
    0.8897605732493931,
    0.8928131526311238,
    0.8905796118418375,
    0.8870393078168233,
    0.8832814573499892,
    0.8851553224139743,
    0.8823623190773858,
    0.8802081832885742,
    0.8816097042931451,
    0.8763631522814432,
    0.8737178084797329,
    0.8720984657499525,
    0.8733979235437181,
    0.8717397953563266,
    0.8699022484249539,
    0.8699214310752021,
    0.867718064265781,
    0.8643867483245002,
    0.8652285846498278,
    0.8662389291127522,
    0.8624704281383091,
    0.8575274849149916,
    0.858258516131507,
    0.855825845697191,
    0.8564404860708449,
    0.8540252362145317,
    0.8548081486807929,
    0.8548661102718778,
    0.85252963242001,
    0.8510869133207533,
    0.8508430788569981,
    0.8500503875520494,
    0.8480402980168661,
    0.8469822512944539,
    0.8464037140104506,
    0.8448944476233589,
    0.8444640944268968,
    0.8424487955411275,
    0.8428563777075874,
    0.8426277872191535,
    0.8408649537404378,
    0.8403806666268243,
    0.840283254453871,
    0.8388682783444722,
    0.8372313357988993,
    0.8378577795240614,
    0.8366735782411363,
    0.8359861211246914,
    0.8364599739604526,
    0.8355872676213583,
    0.8346546397844951,
    0.8332890121353997,
    0.8331997339460585,
    0.8336344528304206,
    0.8332834311379327,
    0.8332904783248901,
    0.832164801618788,
    0.8309386565738254,
    0.8300336459583706,
    0.8303407712724473,
    0.8301979895803664,
    0.8296299026489258,
    0.8294534147898356,
    0.8291006648487514,
    0.8290349237971836,
    0.8292257939974467,
    0.8281437787373861,
    0.8282614318529765,
    0.8279887347751194,
    0.8279410820219252,
    0.8281148582882352,
    0.8279152458402845,
    0.828068465116289,
    0.8271138614442614,
    0.8275268479135302,
    0.8255774476369222,
    0.8268893221855164,
    0.8268991116311815,
    0.8266645666652256,
    0.8270492617501153,
    0.8274838839213053,
    0.8263937078052097,
    0.8262772356033325,
    0.8261758966551886,
    0.8263723043865627
  ],