{
  "config": {
    "dataset": "cifar100",
    "model": "resnet18",
    "optimizer": "LAKTJU_V9",
    "epochs": 50,
    "batch_size": 128,
    "lr": 0.02,
    "weight_decay": 0.001,
    "seed": 42,
    "save_dir": "./results/v9_round1b",
    "data_dir": "./dataset",
    "workers": 2,
    "a_lr_ratio": 0.2,
    "warmup": 100,
    "c_base": 1.0,
    "kappa": 5.0,
    "homotopy_sharpness": 10.0,
    "homotopy_speed": 5.0,
    "kf_damping": 0.001,
    "kf_update_interval": 20,
    "label_smoothing": 0.1,
    "grad_clip": 0.0,
    "sam_rho": 0.0,
    "momentum": 0.9,
    "alpha_kf": 0.03,
    "alpha_adam_kf": 0.0,
    "s_max": 0.7
  },
  "train_loss": [
    4.114268181101481,
    3.4470698860168456,
    3.065487565061781,
    2.811851767179701,
    2.63119398405287,
    2.4908700837453206,
    2.371859152730306,
    2.2887301814609105,
    2.2030322564442955,
    2.1327450581020777,
    2.0621872564951578,
    2.0059795266045466,
    1.9441269660949707,
    1.8938022909376355,
    1.8317418098449707,
    1.7833824582417805,
    1.7340007892608642,
    1.6838247328440348,
    1.63084020652771,
    1.5850999004364015,
    1.5402394879870944,
    1.4971879170735678,
    1.453024800406562,
    1.4108582405514187,
    1.3753443291134304,
    1.334944527583652,
    1.2922797791586982,
    1.2645718871646456,
    1.2349063494788275,
    1.205592839940389,
    1.1757379227108427,
    1.1494247613271078,
    1.1289590152316624,
    1.107745304743449,
    1.0854472131093342,
    1.0758595068613688,
    1.0596199362860785,
    1.0430794482760959,
    1.0290485616048177,
    1.0153938411288792,
    1.0074186046176488,
    1.0007025089475843,
    0.9931431879891289,
    0.9861028700510661,
    0.9806440998077393,
    0.9794425169203016,
    0.972306944126553,
    0.9696519127527873,
    0.9684974967638652,
    0.9662659069061279
  ],
  "valid_loss": [
    3.674396012878418,
    3.3765915306091308,
    2.964056907653809,
    2.721243970489502,
    2.539863238143921,
    2.4463726163864137,
    2.2981808502197265,
    2.3234574909210206,
    2.210267218017578,
    2.1690530643463135,
    2.1262123390197756,
    2.1313768814086913,
    1.9714869834899902,
    1.9873901859283447,
    1.921802066040039,
    1.8948230331420899,
    1.870481980895996,
    1.8960498226165772,
    1.868304732131958,
    1.8342666446685791,
    1.8098117540359497,
    1.8402661235809326,
    1.847039004135132,
    1.8172621295928955,
    1.7792700702667237,
    1.7617265815734864,
    1.7731416160583495,
    1.7366651916503906,
    1.7334132293701172,
    1.7542036130905152,
    1.72110300655365,
    1.7247713088989258,
    1.727509602355957,
    1.7243330446243286,
    1.7147051849365234,
    1.707313761138916,
    1.6970750509262085,
    1.6932004325866699,
    1.69737589302063,
    1.6865534261703492,
    1.678250453567505,
    1.6783314617156981,
    1.6814401737213134,
    1.6795598888397216,
    1.670320418548584,
    1.671219823074341,
    1.6722163890838624,
    1.6717831731796264,
    1.668874743270874,
    1.6669543239593505
  ],
  "valid_acc": [
    18.6,
    26.42,
    35.66,
    40.64,
    46.22,
    50.12,
    53.48,
    52.52,
    56.1,
    56.54,
    58.22,
    58.0,
    62.54,
    62.24,
    63.8,
    65.26,
    66.58,
    65.5,
    66.54,
    67.62,
    69.12,
    67.64,
    68.54,
    69.02,
    70.36,
    70.1,
    71.02,
    71.74,
    71.82,
    71.6,
    73.18,
    72.4,
    72.54,
    72.52,
    73.06,
    73.04,
    73.54,
    73.74,
    73.52,
    74.52,
    74.5,
    74.94,
    74.3,
    74.7,
    74.86,
    75.28,
    74.92,
    75.12,
    75.04,
    75.06
  ],
  "test_acc": [
    0.0,
    0.0,
    0.0,
    0.0,
    0.0,
    0.0,
    0.0,
    0.0,
    0.0,
    56.65,
    56.65,
    56.65,
    56.65,
    56.65,
    56.65,
    56.65,
    56.65,
    56.65,
    56.65,
    66.88,
    66.88,
    66.88,
    66.88,
    66.88,
    69.44,
    69.44,
    69.44,
    69.44,
    69.44,
    70.47,
    70.47,
    70.47,
    70.47,
    70.47,
    70.47,
    70.47,
    70.47,
    70.47,
    70.47,
    72.95,
    72.95,
    72.95,
    72.95,
    72.95,
    72.95,
    72.95,
    72.95,
    72.95,
    72.95,
    73.58
  ],
  "epoch_time": [
    120.13402366638184,
    128.85027146339417,
    127.77380275726318,
    128.31605339050293,
    128.7208161354065,
    127.78452396392822,
    128.75990867614746,
    127.56077980995178,
    128.85983967781067,
    131.10780000686646,
    127.41535496711731,
    128.25963282585144,
    127.53068971633911,
    129.22698879241943,
    128.75392723083496,
    127.59636950492859,
    128.78823804855347,
    128.52009677886963,
    128.82628655433655,
    131.01439905166626,
    127.48945999145508,
    128.70003151893616,
    127.23618078231812,
    128.81527042388916,
    132.47232604026794,
    127.428462266922,
    129.31184601783752,
    127.55342698097229,
    128.54134345054626,
    130.85109567642212,
    127.84239506721497,
    129.318101644516,
    127.90326309204102,
    128.2433362007141,
    129.02475547790527,
    127.92776608467102,
    128.96340894699097,
    127.62748217582703,
    128.6606571674347,
    130.8705883026123,
    128.14037919044495,
    128.56670713424683,
    127.77153420448303,
    129.1549427509308,
    128.78982710838318,
    127.74558997154236,
    128.93585753440857,
    128.40626430511475,
    128.80657696723938,
    132.5811107158661
  ],
  "best_valid_acc": 75.28,
  "best_test_acc": 73.28
}