{
  "config": {
    "dataset": "cifar10",
    "model": "resnet18",
    "optimizer": "LAKTJU_V9",
    "epochs": 200,
    "batch_size": 128,
    "lr": 0.02,
    "weight_decay": 0.001,
    "seed": 42,
    "save_dir": "./results/v9_round1b",
    "data_dir": "./dataset",
    "workers": 2,
    "a_lr_ratio": 0.2,
    "warmup": 100,
    "c_base": 1.0,
    "kappa": 5.0,
    "homotopy_sharpness": 10.0,
    "homotopy_speed": 5.0,
    "kf_damping": 0.001,
    "kf_update_interval": 20,
    "label_smoothing": 0.1,
    "grad_clip": 0.0,
    "sam_rho": 0.0,
    "momentum": 0.9,
    "alpha_kf": 0.0,
    "alpha_adam_kf": 0.0,
    "s_max": 0.7
  },
  "train_loss": [
    1.9040124825795492,
    1.5423625449710423,
    1.368632204076979,
    1.2540216937594943,
    1.1736854574627347,
    1.1096175776163737,
    1.0760875743865967,
    1.0377086139996847,
    1.0054529553731282,
    0.979369702190823,
    0.9602669665548537,
    0.9341478484259711,
    0.9226882828182644,
    0.9093492566850451,
    0.8930182436943054,
    0.8750774786525303,
    0.8625723206414116,
    0.8546764688279894,
    0.8398915786319309,
    0.8270148148854574,
    0.8199736466937595,
    0.8119036186006334,
    0.8006550701565213,
    0.7931026328616672,
    0.7830319183773464,
    0.778979064157274,
    0.7687463277604845,
    0.7624912474102444,
    0.7545148769166734,
    0.7494277718861898,
    0.7459730437384712,
    0.7368669874191284,
    0.7286326269573635,
    0.7222954088634915,
    0.7191545405811733,
    0.713483588886261,
    0.7071824891938103,
    0.7032490119298299,
    0.6969704842885335,
    0.6941254002571106,
    0.690572350968255,
    0.6830711030960083,
    0.6799777277098762,
    0.6802561075210571,
    0.6740083764394125,
    0.6690070781071981,
    0.6684777136908637,
    0.6618226175626118,
    0.6586979191038344,
    0.6552772460831536,
    0.6536342811372545,
    0.6468759223620096,
    0.6443377694553799,
    0.6387923761897617,
    0.6389731996218363,
    0.6395211234834459,
    0.6348487693998549,
    0.6295755864885119,
    0.6275474360254076,
    0.6284499044418335,
    0.6222082615534464,
    0.6227959577242533,
    0.6189024473084344,
    0.6147313045501709,
    0.6111652271694608,
    0.6136192397647434,
    0.6113873165130616,
    0.6074586362944709,
    0.6068538771629334,
    0.5971621853510539,
    0.6044920779334174,
    0.6005113622877333,
    0.6026565726174249,
    0.5971635776307848,
    0.5940125469207763,
    0.5921207490709093,
    0.5873711326811049,
    0.5879707606845432,
    0.5906977810753716,
    0.5854487164497375,
    0.58709590883255,
    0.5816121206071642,
    0.5825604488690694,
    0.576372494146559,
    0.5803130861388313,
    0.5735775833871629,
    0.5769805898984274,
    0.5752309947119819,
    0.572017608557807,
    0.5711286854532029,
    0.567839559173584,
    0.5721220204777188,
    0.5687395107799106,
    0.5692456149737041,
    0.5653277142630683,
    0.5653123784595065,
    0.5611607460233901,
    0.5596103469318814,
    0.5596860320409139,
    0.559968251185947,
    0.5588934977849325,
    0.5606620922088623,
    0.5550862933688694,
    0.5566299038145277,
    0.5541062374538845,
    0.5533277711656358,
    0.5513607047292921,
    0.5517006906827291,
    0.5487991751564874,
    0.550284820344713,
    0.548197241030799,
    0.545197212515937,
    0.5452402415699429,
    0.5473054915004306,
    0.5447019175635444,
    0.5457335186852349,
    0.5434898143980238,
    0.5415955665800306,
    0.5446224886364407,
    0.541653494781918,
    0.5394613930490282,
    0.5392564080556234,
    0.5392080403963725,
    0.5396464592403836,
    0.5379061843448215,
    0.5375792606671651,
    0.535303666528066,
    0.5354869593514336,
    0.5362073212305705,
    0.5355524579260085,
    0.5309678097512986,
    0.5311504857805041,
    0.5308631110933092,
    0.5303354510625203,
    0.530818826145596,
    0.5304316968917847,
    0.5276099881913927,
    0.5285753950224983,
    0.5257187641355726,
    0.5269331492741902,
    0.5284811937120226,
    0.5260270634757148,
    0.5264038548787435,
    0.5262312117682563,
    0.5249293181419372,
    0.5228778645303515,
    0.523994533920288,
    0.5247104543791877,
    0.5232741456455654,
    0.5219855188475715,
    0.522139686648051,
    0.5219431863996717,
    0.5201550558514065,
    0.5207602221065097,
    0.5209403642442492,
    0.5185430567741394,
    0.518928444480896,
    0.5188840324189928,
    0.5184112998644511,
    0.5177321658346388,
    0.5176503939310709,
    0.5166508175849914,
    0.517084468544854,
    0.5180998506440057,
    0.5163544712490505,
    0.5158693037033081,
    0.5159304026497735,
    0.5161417709774441,
    0.5155827815055847,
    0.5143746481789483,
    0.5153781199561225,
    0.5153480715433757,
    0.5158841330210368,
    0.5155351540989346,
    0.5141215170542399,
    0.5146132306946648,
    0.5145255131085714,
    0.5136045028050741,
    0.5131572782092624,
    0.5135801970375908,
    0.5136606636895074,
    0.5129534366501702,
    0.5127777366320292,
    0.5131122516314188,
    0.5129030659781562,
    0.5123601804733277,
    0.5122893023384942,
    0.5126669741100736,
    0.5133675410588583,
    0.5118389763302273,
    0.5121636761877272,
    0.5112287286652459,
    0.5135151358286539,
    0.5122453196525574,
    0.5133518297831218,
    0.5127476781421237,
    0.5118672532611424,
    0.5131876893467373,
    0.5120150541623434,
    0.5104900610499912
  ],