{
  "config": {
    "dataset": "cifar100",
    "model": "resnet18",
    "optimizer": "SGD",
    "epochs": 200,
    "batch_size": 128,
    "lr": null,
    "weight_decay": 0.0005,
    "seed": 42,
    "save_dir": "./results/v11_round2",
    "data_dir": "./dataset",
    "workers": 2,
    "a_lr_ratio": null,
    "warmup": 20,
    "c_base": 1.0,
    "kappa": 5.0,
    "homotopy_sharpness": 10.0,
    "homotopy_speed": 2.0,
    "kf_damping": 0.001,
    "kf_update_interval": 20,
    "label_smoothing": 0.1,
    "grad_clip": 0.0,
    "sam_rho": 0.0,
    "momentum": 0.9,
    "alpha_kf": 0.15,
    "alpha_adam_kf": 0.05,
    "s_max": 0.7,
    "kf_warmup": 500,
    "cos_sim_threshold": 0.0
  },
  "train_loss": [
    4.1551813640170625,
    3.766535635969374,
    3.480749006822374,
    3.2212728560977513,
    2.983665081363254,
    2.8004634757995603,
    2.6552843069288468,
    2.556204586919149,
    2.47013900680542,
    2.4225611927456328,
    2.375074451446533,
    2.326738082843357,
    2.297889346525404,
    2.2614301700168187,
    2.2390016072591146,
    2.214895218404134,
    2.1825335780673556,
    2.165645796966553,
    2.144012983194987,
    2.1425179389953612,
    2.1285459968778824,
    2.101836040242513,
    2.1037693331400553,
    2.079559731462267,
    2.0763169140285918,
    2.0666332525041367,
    2.0583877151065404,
    2.047343435329861,
    2.047151016108195,
    2.0318431276957196,
    2.0254276810116236,
    2.011251829783122,
    2.006031447813246,
    2.0016189279344347,
    1.9884936611599393,
    1.9788762672848172,
    1.9871712833828397,
    1.9817218598683675,
    1.963272416581048,
    1.9685348627726238,
    1.952842279815674,
    1.9478483308156331,
    1.937893496576945,
    1.9350376605351767,
    1.9305423848893908,
    1.9273990595499675,
    1.9164000222524007,
    1.9182702335357666,
    1.9229699561860827,
    1.9016805426279704,
    1.9008416097852918,
    1.894483399242825,
    1.8910206022050646,
    1.8907748599582248,
    1.8743436503092448,
    1.8785444652133518,
    1.8744991713841757,
    1.8560057528601752,
    1.8550899291568332,
    1.8530759953392877,
    1.8482209454430474,
    1.8388078637864855,
    1.833309267785814,
    1.8301455884297688,
    1.8173903276019627,
    1.8089488270229763,
    1.8138176346672905,
    1.8019167397181193,
    1.7934076032214694,
    1.7879651960584853,
    1.7934282607184515,
    1.7819520819981893,
    1.7781935437520344,
    1.7689418667475383,
    1.7612284272087946,
    1.75578884923723,
    1.7452571233537462,
    1.7370317966885036,
    1.734841654332479,
    1.7273983529832628,
    1.7319029590182835,
    1.7094351245880126,
    1.7092225765652127,
    1.690088545460171,
    1.6934317263709173,
    1.6826717098871866,
    1.6757371446397569,
    1.6683256589253743,
    1.6599909951951768,
    1.649534570503235,
    1.6462956335067749,
    1.6332999579111735,
    1.636628774134318,
    1.6279897022247314,
    1.6111685665766398,
    1.6067208057403564,
    1.598117935286628,
    1.5891942508273655,
    1.5834563519795735,
    1.5632691467709012,
    1.5660446224212647,
    1.5598131206088597,
    1.5438181114196778,
    1.542497901640998,
    1.5217609857135348,
    1.5265489341311984,
    1.515698183716668,
    1.5066351349724663,
    1.4890898379855686,
    1.4863707775115966,
    1.4759616570366754,
    1.4592608730951946,
    1.4548500225067138,
    1.445023925611708,
    1.4311240515391033,
    1.421049031660292,
    1.4138150435977512,
    1.405655253346761,
    1.3962974166022406,
    1.3917051525963677,
    1.3816836965348986,
    1.3601375581741333,
    1.3571535090552436,
    1.3497672366248237,
    1.3327662718454998,
    1.3326141331354777,
    1.3083470720503065,
    1.3026017178005642,
    1.2894459291246203,
    1.284166074456109,
    1.265592441368103,
    1.268451585981581,
    1.2475191195170086,
    1.2332051486968993,
    1.2259584671656292,
    1.2207528637992011,
    1.1970395891401502,
    1.188837506421407,
    1.1865403586917453,
    1.172073570145501,
    1.159501883146498,
    1.1499046423170303,
    1.1444156129837035,
    1.1347187634362115,
    1.1243215510474311,
    1.107157166226705,
    1.0953820556004843,
    1.0919981259240044,
    1.0854150187386407,
    1.0664318677266438,
    1.0619048365275066,
    1.043764515071445,
    1.0376019612842136,
    1.030419346470303,
    1.0187404650582208,
    1.0102860811445449,
    1.0010998399946425,
    0.9943642564985488,
    0.9895781929439968,
    0.9763839875645107,
    0.9702850814819336,
    0.9625975510173373,
    0.9516867699305216,
    0.9484502108679878,
    0.9424380091455248,
    0.9337130078845554,
    0.9279830865754022,
    0.9209148907555474,
    0.914391342692905,
    0.9063790019141303,
    0.9018434349060058,
    0.8967734468142191,
    0.8915236348893907,
    0.8919451510005527,
    0.8863038625823126,
    0.8823650360637241,
    0.8778859361012776,
    0.8773797991010878,
    0.8727803899659051,
    0.8710950166808235,
    0.867788870663113,
    0.8651374951786465,
    0.8619724458376566,
    0.8601056635220845,
    0.8574559477912055,
    0.8573338635020786,
    0.8554056722429063,
    0.8547093902164036,
    0.851515186882019,
    0.8512860924190945,
    0.8517222984843784,
    0.8482876994238959,
    0.8494408002853393,
    0.8482166903601752,
    0.8489633036931356,
    0.848329091029697,
    0.8470854614893596,
    0.8482508667733935,
    0.8476986273023818,
    0.8480200147946676
  ],