{
  "config": {
    "dataset": "cifar100",
    "model": "resnet18",
    "optimizer": "LAKTJU_V11",
    "epochs": 200,
    "batch_size": 128,
    "lr": 0.001,
    "weight_decay": 0.0005,
    "seed": 123,
    "save_dir": "./results/v11_round2",
    "data_dir": "./dataset",
    "workers": 2,
    "a_lr_ratio": null,
    "warmup": 100,
    "c_base": 1.0,
    "kappa": 5.0,
    "homotopy_sharpness": 10.0,
    "homotopy_speed": 2.0,
    "kf_damping": 0.001,
    "kf_update_interval": 20,
    "label_smoothing": 0.1,
    "grad_clip": 0.0,
    "sam_rho": 0.0,
    "momentum": 0.9,
    "alpha_kf": 0.2,
    "alpha_adam_kf": 0.05,
    "s_max": 0.7,
    "kf_warmup": 500,
    "cos_sim_threshold": 0.0
  },
  "train_loss": [
    4.018797201622857,
    3.4645217826419406,
    3.1030310448116727,
    2.8503094738430446,
    2.660455544450548,
    2.516546478864882,
    2.3931208334181044,
    2.2952061977386475,
    2.202350259865655,
    2.1220725620693632,
    2.050036211819119,
    1.9821519332885742,
    1.9238391639285617,
    1.8645384820726183,
    1.8110865193049113,
    1.7624988456726074,
    1.7152947181489733,
    1.6776294478098552,
    1.6384748037550185,
    1.5947148710886638,
    1.5631163487752278,
    1.5165601436826919,
    1.4937698974397446,
    1.457644856982761,
    1.427476772816976,
    1.3962757185618082,
    1.3699401632944743,
    1.342694135983785,
    1.3198486678229437,
    1.3006329001956516,
    1.280413452741835,
    1.258165623558892,
    1.241802588526408,
    1.2292844797770182,
    1.2093538572311402,
    1.1959816801071168,
    1.1811212747573852,
    1.1691986950132582,
    1.1538169651031494,
    1.1405682985517713,
    1.1361893264134726,
    1.126610115369161,
    1.113396011882358,
    1.1035041047838,
    1.0975460524664984,
    1.088636805343628,
    1.0894873568640815,
    1.0811536468929714,
    1.06657973713345,
    1.0584439013587104,
    1.0578639965057373,
    1.056230720837911,
    1.0476935988532172,
    1.0354189772499933,
    1.0315760208129883,
    1.0356514993667603,
    1.0240873521169027,
    1.0217104636298286,
    1.0107261422051323,
    1.0093473761876424,
    1.0096600301742553,
    1.0004467982821994,
    0.9967457129796347,
    0.9905481519911025,
    0.9889986741595798,
    0.9870795369466145,
    0.9830650140974256,
    0.9789786730448405,
    0.974741084268358,
    0.9731453155729506,
    0.9680284153196547,
    0.966745721160041,
    0.9604462362077502,
    0.9626275139490763,
    0.9577718321270413,
    0.9547149950451321,
    0.9521253941641914,
    0.9485863657845391,
    0.9479387382931179,
    0.9469829028659397,
    0.9410440185334947,
    0.9386098311954074,
    0.9384172532187568,
    0.9346284128506979,
    0.932266745906406,
    0.9293458208931817,
    0.9263487182617187,
    0.9263853578249613,
    0.9224219080289205,
    0.9218796673880683,
    0.9188865011850993,
    0.9188909461975098,
    0.9158502832624648,
    0.9124261277940539,
    0.911787086613973,
    0.9091412792947557,
    0.9102442481888665,
    0.9060474932564629,
    0.902612278927697,
    0.9035976201905145,
    0.9015981431855096,
    0.8999755890528361,
    0.8974269665824043,
    0.8966706991619534,
    0.8966903516451518,
    0.8949640826119317,
    0.8914319192250569,
    0.8907288293626573,
    0.8890314480463664,
    0.8864048481941224,
    0.8847177250120375,
    0.8831122071901957,
    0.8804665086322361,
    0.8796301638497247,
    0.8794820242245992,
    0.8779793252521091,
    0.8772598178015815,
    0.8769260651906331,
    0.8751684643321567,
    0.8736882275899251,
    0.8730055526415507,
    0.8712709475623237,
    0.8688592382007175,
    0.8696749058829414,
    0.8684563446786668,
    0.8683321496221754,
    0.8660359557363722,
    0.86617941965527,
    0.8635667577107747,
    0.8642460030979581,
    0.8618459291564093,
    0.8610675616476271,
    0.8589541976081,
    0.8586921973228454,
    0.8578762843661838,
    0.8587000764634874,
    0.8566291145854527,
    0.8542386748737759,
    0.8564050506591797,
    0.8545500577714709,
    0.8533153717888726,
    0.8514677560594347,
    0.8518466442637973,
    0.8513761175579495,
    0.8500500807020399,
    0.8498728850046794,
    0.8493309715482924,
    0.8485446538925171,
    0.8489012508180407,
    0.8467446006774902,
    0.8469422668033176,
    0.8462095307879978,
    0.846370828596751,
    0.8454477631674873,
    0.844230225107405,
    0.8446842071109348,
    0.8445091388490465,
    0.8442272992134094,
    0.8423459360440572,
    0.8424327113893297,
    0.8418219706535339,
    0.8410752339680989,
    0.8421903676986694,
    0.8410967117521498,
    0.8397227912478977,
    0.8399565765592787,
    0.8395682095421685,
    0.8387133908165826,
    0.8381480760998196,
    0.8387373167249892,
    0.8377819521056281,
    0.837192352188958,
    0.837587650765313,
    0.8374377465142144,
    0.8373395413186815,
    0.8363084827529059,
    0.8368187139193217,
    0.8361681001663208,
    0.8364284490797255,
    0.8357394779205323,
    0.8369992722935147,
    0.8370311634487576,
    0.8359156986766392,
    0.8354503965059916,
    0.8354088667339749,
    0.8350397837638855,
    0.8342117917166816,
    0.8364299684524537,
    0.8349235194947985,
    0.8352521246698168,
    0.8349119872940911,
    0.8354694084485372,
    0.8359790797975328,
    0.8353948044459025,
    0.8346203472243415,
    0.834268353038364,
    0.8349108763694764,
    0.835401902241177,
    0.8349059916814169,
    0.8343707142935859
  ],