{
  "config": {
    "dataset": "cifar10",
    "model": "resnet18",
    "optimizer": "LAKTJU_V11",
    "epochs": 200,
    "batch_size": 128,
    "lr": 0.001,
    "weight_decay": 0.0005,
    "seed": 123,
    "save_dir": "./results/v11_round2",
    "data_dir": "./dataset",
    "workers": 2,
    "a_lr_ratio": null,
    "warmup": 100,
    "c_base": 1.0,
    "kappa": 5.0,
    "homotopy_sharpness": 10.0,
    "homotopy_speed": 2.0,
    "kf_damping": 0.001,
    "kf_update_interval": 20,
    "label_smoothing": 0.1,
    "grad_clip": 0.0,
    "sam_rho": 0.0,
    "momentum": 0.9,
    "alpha_kf": 0.2,
    "alpha_adam_kf": 0.05,
    "s_max": 0.7,
    "kf_warmup": 500,
    "cos_sim_threshold": 0.0
  },
  "train_loss": [
    1.74206909743415,
    1.3906990645726522,
    1.2345169459025065,
    1.1330248311466642,
    1.0710792531119453,
    1.0183282292260063,
    0.9797643769158257,
    0.9528896160761515,
    0.9226798302226596,
    0.8999874150170221,
    0.8809438702477349,
    0.858198433219062,
    0.8454602699491712,
    0.8284633951187134,
    0.8171173826641507,
    0.8034454910596212,
    0.7944455951690674,
    0.7773962494638231,
    0.7713487503051758,
    0.7590105779329935,
    0.7512915049870809,
    0.742927902370029,
    0.7320835283809238,
    0.726893132326338,
    0.7234391408602396,
    0.7116789562649197,
    0.7056760450151232,
    0.6979316272947523,
    0.6920383312649198,
    0.6847114343749152,
    0.6820054823133681,
    0.6779601068920559,
    0.6705582605150011,
    0.6648008610831366,
    0.6615462626669142,
    0.6555248448053996,
    0.6538078514522976,
    0.650504260995653,
    0.648930181948344,
    0.6422976789050632,
    0.6395624851862589,
    0.6329836222966512,
    0.6341270429187351,
    0.6310370926539103,
    0.6265649798075358,
    0.6222411467870077,
    0.6239827911800808,
    0.6152775386704339,
    0.6137630494329664,
    0.6122884395599365,
    0.6142024108780755,
    0.6055557542483012,
    0.6056483503235711,
    0.6038929329024421,
    0.5994364630381266,
    0.6006201500680711,
    0.5971479846530491,
    0.5983421789911059,
    0.5938844002829657,
    0.5918669019487169,
    0.5905259321848552,
    0.5888157505247328,
    0.5887790725072225,
    0.5819499072604709,
    0.5836977023866442,
    0.582124724176195,
    0.5800317091623942,
    0.5787917935689291,
    0.5779269913885329,
    0.57577939130995,
    0.5756400535371569,
    0.575650591829088,
    0.5701042401525709,
    0.5719204160690308,
    0.5706472417937385,
    0.5679022378179762,
    0.5655379642486572,
    0.5669823506779141,
    0.5641312281396654,
    0.5644931699858772,
    0.5621116237852308,
    0.5615717084672716,
    0.5619211093796624,
    0.5608877765337626,
    0.5591292363378737,
    0.5562721802605523,
    0.5532865136676365,
    0.555186895942688,
    0.5552934158113267,
    0.5536054839558071,
    0.5521201230472988,
    0.5544107322057088,
    0.5512722344398499,
    0.5523445021099515,
    0.5506748159620497,
    0.5470554856088427,
    0.5491178705321418,
    0.5479979689174228,
    0.5477423750559489,
    0.5484712596257527,
    0.5452478549851312,
    0.5443728426615397,
    0.5454772712071737,
    0.5409837981330023,
    0.5429495594766405,
    0.5402589852227105,
    0.5411852455880907,
    0.5416641345659892,
    0.5412512306743198,
    0.539234573258294,
    0.5374755865944756,
    0.5394061200459798,
    0.5362419642130534,
    0.5372341782040067,
    0.5349217509799533,
    0.536499193848504,
    0.5332951259507074,
    0.533862997923957,
    0.5325840446790059,
    0.5326856413523356,
    0.5324768771701389,
    0.5325820057339139,
    0.5332671173201667,
    0.5328519470214844,
    0.5297743316544427,
    0.5312651215023465,
    0.5288665436002943,
    0.5288290236579047,
    0.5280516791555616,
    0.5282089983728196,
    0.5270378233061896,
    0.5262959174897935,
    0.5268065914789836,
    0.5256135336769951,
    0.52636045627594,
    0.5249424354447259,
    0.5263581725226508,
    0.5241379537582398,
    0.522138240008884,
    0.5244340027809143,
    0.5234442885716756,
    0.5246790690104167,
    0.5223564735094707,
    0.5216938835779826,
    0.5216092687394884,
    0.5214059443897671,
    0.5218971145417955,
    0.5212240812513563,
    0.5201991556803386,
    0.5208956264919705,
    0.5201943827946981,
    0.519195884736379,
    0.5196771332528856,
    0.5196883845541213,
    0.5190418446646796,
    0.5187021102375454,
    0.5183336609204611,
    0.5192682828161451,
    0.5165176899380154,
    0.5170239579942492,
    0.5180407154507107,
    0.517708359474606,
    0.5171355189959208,
    0.5176457241482205,
    0.5164848629527622,
    0.5152269439167446,
    0.5159689242892795,
    0.515117042488522,
    0.5150071814007229,
    0.5173190158843994,
    0.5152899400287204,
    0.5142214719666375,
    0.5150136142942641,
    0.5151192027303908,
    0.5145294034957886,
    0.5155808817015753,
    0.5145921379937066,
    0.5133196744812859,
    0.5151043068673875,
    0.5149797953393724,
    0.5142731102201674,
    0.51384673426946,
    0.5134700728204515,
    0.5135685319688585,
    0.5142175646146139,
    0.5137053727255927,
    0.5140513369984097,
    0.5134309116151597,
    0.5131535305447048,
    0.5136566120995416,
    0.51301051741706,
    0.5141026699913872,
    0.5141073728985257,
    0.5139958458688524,
    0.51327173538208,
    0.5132654028468662,
    0.513582801522149,
    0.5136954527642992,
    0.513658328098721,
    0.5149438719855415
  ],