{
  "config": {
    "dataset": "cifar10",
    "model": "resnet18",
    "optimizer": "LAKTJU_V11",
    "epochs": 200,
    "batch_size": 128,
    "lr": 0.001,
    "weight_decay": 0.0005,
    "seed": 42,
    "save_dir": "./results/v11_round2",
    "data_dir": "./dataset",
    "workers": 2,
    "a_lr_ratio": null,
    "warmup": 100,
    "c_base": 1.0,
    "kappa": 5.0,
    "homotopy_sharpness": 10.0,
    "homotopy_speed": 2.0,
    "kf_damping": 0.001,
    "kf_update_interval": 20,
    "label_smoothing": 0.1,
    "grad_clip": 0.0,
    "sam_rho": 0.0,
    "momentum": 0.9,
    "alpha_kf": 0.2,
    "alpha_adam_kf": 0.05,
    "s_max": 0.7,
    "kf_warmup": 500,
    "cos_sim_threshold": 0.0
  },
  "train_loss": [
    1.7464421965916952,
    1.3970815814124213,
    1.2388781314425998,
    1.1413772366205852,
    1.0757468660566543,
    1.0263378758536446,
    0.9848783539242215,
    0.9519821736123827,
    0.9253199696011013,
    0.8972223830964831,
    0.8772501342137654,
    0.8575631115807427,
    0.8460225475099352,
    0.8240486293368869,
    0.814877992131975,
    0.8022914827134874,
    0.7906996880849202,
    0.7817683723025852,
    0.7670289937125312,
    0.7569501380284628,
    0.7521148356437684,
    0.7409889716042413,
    0.728706542830997,
    0.7227352067947388,
    0.7163401877509223,
    0.70867556959788,
    0.7001294293933444,
    0.6940662216928271,
    0.6905114072799683,
    0.6875988394631279,
    0.6787130988015069,
    0.6750366175863478,
    0.6685459442668491,
    0.666713119591607,
    0.6612564806196425,
    0.6544788593292237,
    0.6528130606121487,
    0.6487998416370816,
    0.6448155762036641,
    0.6387658772150675,
    0.6372746011522081,
    0.6329468354225158,
    0.6327452290640937,
    0.624951591512892,
    0.624312252246009,
    0.6243081328180101,
    0.6194229738765292,
    0.6179513829125298,
    0.6128648410585191,
    0.6144584989441766,
    0.6097665119277106,
    0.6064338460392422,
    0.6054582730399237,
    0.6045476522127787,
    0.6004248842663236,
    0.6035727375030517,
    0.5979007223765055,
    0.5928868972672356,
    0.5939901397387186,
    0.588939315170712,
    0.5900124629338582,
    0.5848152288754781,
    0.5882270571814643,
    0.5834431301116944,
    0.5831390354792277,
    0.582581138642629,
    0.5846431190914578,
    0.5789176356633504,
    0.575922325791253,
    0.5768375923156738,
    0.5738864639282226,
    0.5726952683766683,
    0.5700625122070313,
    0.5738543817096287,
    0.5696370657285055,
    0.5686837995529175,
    0.5681575755543179,
    0.568253721025255,
    0.5648599889861213,
    0.5629068814701504,
    0.5642977158122593,
    0.5638099064721002,
    0.558505313735538,
    0.5610828105926514,
    0.5560324256791009,
    0.5589390351295471,
    0.5567698916329278,
    0.5565879636764527,
    0.5563137036853366,
    0.5551213672426012,
    0.5522379865434435,
    0.5505611857944065,
    0.5516476534313626,
    0.5501827711953057,
    0.5477161657015482,
    0.5479005074712965,
    0.5478085588985019,
    0.5482017901950412,
    0.5457508805592854,
    0.5450663050015767,
    0.543674527867635,
    0.5437886331028409,
    0.5432097512351142,
    0.5421070159806145,
    0.5443469674110413,
    0.5402696472273932,
    0.5414467971801757,
    0.5393129611968994,
    0.5391007880952623,
    0.5377591929859585,
    0.5371468811670939,
    0.5387273844507006,
    0.5370638451152377,
    0.5354915220684475,
    0.5366706330193414,
    0.5362030511644151,
    0.5331460092756484,
    0.5340996048609415,
    0.534728104379442,
    0.5324117153167724,
    0.530734459484948,
    0.5331564663463169,
    0.5303030005137126,
    0.5313604285134209,
    0.5323355154885187,
    0.5297893245802985,
    0.5290397994677226,
    0.5290556070115832,
    0.5278094472991096,
    0.5282623968124389,
    0.5285002598868476,
    0.526316391828325,
    0.5253469346258376,
    0.5273318989011977,
    0.5260769351111518,
    0.5261164086023966,
    0.5256285900010003,
    0.5238309992896186,
    0.5233039100964864,
    0.5240314577102662,
    0.5234004258791606,
    0.5238062995698717,
    0.5213963302824233,
    0.5218398891448974,
    0.52242484726376,
    0.5209297446886698,
    0.5217518236902025,
    0.521891338358985,
    0.5186353203031752,
    0.520346178955502,
    0.5199721012115478,
    0.5201486544503106,
    0.5184102442529467,
    0.5178516246901618,
    0.5189011192427742,
    0.5175992752181159,
    0.517943070962694,
    0.5168918703609042,
    0.5172284290525648,
    0.5176210156546699,
    0.5167101533783807,
    0.5176651457044813,
    0.51694538614485,
    0.5168417295138041,
    0.5155133234871758,
    0.5159578332159255,
    0.5170468644883898,
    0.5160192992740207,
    0.5158768504142761,
    0.5150907997555203,
    0.515632537873586,
    0.514078851254781,
    0.5155416024314032,
    0.5138960823588901,
    0.5144232633802626,
    0.5147886201116774,
    0.5151193148401049,
    0.5158882291793824,
    0.5137479043536716,
    0.5157099165492588,
    0.5139868719842698,
    0.5142992857827081,
    0.5136721551365323,
    0.5122845125304328,
    0.51384339922799,
    0.5135188520431518,
    0.5146286919593811,
    0.513424332025316,
    0.5130851221932305,
    0.51311016330719,
    0.51313617266549,
    0.5133134730974833,
    0.5131092905786302,
    0.513368775261773,
    0.5128896649042766,
    0.5130825676282247,
    0.5131284686406453,
    0.5139556600570678,
    0.5134016239272223,
    0.5124347181002299
  ],