{
  "config": {
    "dataset": "cifar100",
    "model": "resnet18",
    "optimizer": "LAKTJU_V11",
    "epochs": 200,
    "batch_size": 128,
    "lr": 0.001,
    "weight_decay": 0.0005,
    "seed": 42,
    "save_dir": "./results/v11_round2",
    "data_dir": "./dataset",
    "workers": 2,
    "a_lr_ratio": null,
    "warmup": 100,
    "c_base": 1.0,
    "kappa": 5.0,
    "homotopy_sharpness": 10.0,
    "homotopy_speed": 2.0,
    "kf_damping": 0.001,
    "kf_update_interval": 20,
    "label_smoothing": 0.1,
    "grad_clip": 0.0,
    "sam_rho": 0.05,
    "momentum": 0.9,
    "alpha_kf": 0.2,
    "alpha_adam_kf": 0.05,
    "s_max": 0.7,
    "kf_warmup": 500,
    "cos_sim_threshold": 0.0
  },
  "train_loss": [
    4.034553312810262,
    3.529088790257772,
    3.1851616351657444,
    2.912668842739529,
    2.711063649919298,
    2.546801930067274,
    2.41225055931939,
    2.3104974416097006,
    2.211644856177436,
    2.1346816351148816,
    2.0633546862284344,
    1.9918481971740722,
    1.9300243802812365,
    1.8726045141008165,
    1.815289816347758,
    1.7695889741685655,
    1.7253408640119765,
    1.6781268300586276,
    1.6408167332755195,
    1.6016150015936959,
    1.5603383378770617,
    1.5268668470806546,
    1.4894354858822292,
    1.4583082047780356,
    1.4325138058768379,
    1.392975364918179,
    1.3715182033538817,
    1.3452955351935492,
    1.3252857893837824,
    1.3066032496770223,
    1.2855184210459392,
    1.2587597205691867,
    1.2413847885343763,
    1.2232988393571642,
    1.2089381763882108,
    1.195589658419291,
    1.1807837708155313,
    1.1712459949069554,
    1.160362932925754,
    1.1420204690509372,
    1.1329950601789687,
    1.1244908200793795,
    1.1129012171427408,
    1.1064905815336439,
    1.0977247139400905,
    1.0896087922837998,
    1.080944111357795,
    1.070784018919203,
    1.0683013205422296,
    1.0625781828774346,
    1.0523161278618707,
    1.0508061705271403,
    1.0444179198159111,
    1.0353602526770698,
    1.0336051841523912,
    1.0262888338512846,
    1.0210885381274752,
    1.0169543478012084,
    1.01055441259808,
    1.0076053941514758,
    1.000134103902181,
    0.9990040212419298,
    0.9947407224231296,
    0.9921938292821249,
    0.9887148891025119,
    0.9833369537565443,
    0.9810408918592665,
    0.9797683940463596,
    0.9741256854799059,
    0.9706152873780992,
    0.9676616904788548,
    0.9641371584150527,
    0.9615575162887573,
    0.9612543001598782,
    0.9596709906684028,
    0.9531178664313422,
    0.9516904188474019,
    0.9489438333405389,
    0.9438254134178161,
    0.9412645917786492,
    0.9413250418133206,
    0.9414555770979988,
    0.9373444434483846,
    0.9325693225436741,
    0.9308379081938002,
    0.9313289864434137,
    0.9283607380972968,
    0.9261353954103257,
    0.9237261245091756,
    0.9199240597618951,
    0.9205421454217699,
    0.9143810339715746,
    0.9136042805247837,
    0.9147724065250821,
    0.9124937013626099,
    0.9084536436822679,
    0.9096065642674764,
    0.9061551230218675,
    0.904533857345581,
    0.9034028926213582,
    0.9020716524548,
    0.8995122806125218,
    0.8977053774727716,
    0.8981736143430074,
    0.8959796873516507,
    0.8928950586424933,
    0.8929434043036567,
    0.8929495594236586,
    0.8910188232633802,
    0.8868882582558526,
    0.8873190684424507,
    0.8862764258066813,
    0.8857052930408054,
    0.8828762010786269,
    0.8827529108365377,
    0.8804658103730943,
    0.8798225431018406,
    0.8785937171194288,
    0.8771084136327107,
    0.8773675610012478,
    0.875439125919342,
    0.8730202402962579,
    0.8727153192414178,
    0.8706979201210869,
    0.8709978417290581,
    0.8693772531721327,
    0.8691517761760288,
    0.8657725883907742,
    0.867675056637658,
    0.8663707795249092,
    0.8648087325837877,
    0.8640799903127883,
    0.8629478084352281,
    0.8629338300493028,
    0.8611159356647068,
    0.8619133866839939,
    0.8584338318506877,
    0.8582410686810812,
    0.859620812564426,
    0.8583709366586473,
    0.857430832947625,
    0.8563543760405646,
    0.8561599618169996,
    0.8556504122310215,
    0.8540116133583917,
    0.8535579423692491,
    0.8527728337287903,
    0.8518623754607306,
    0.8523619774924385,
    0.8515879060533311,
    0.8503042731602987,
    0.8505942214753893,
    0.8488078325801426,
    0.8491457772466872,
    0.8482158892843459,
    0.848025536388821,
    0.846699176258511,
    0.8470101048469544,
    0.8462428051312765,
    0.8457814317067465,
    0.8454109319898817,
    0.8452909809324477,
    0.8449912547853258,
    0.8454496558825175,
    0.8438678336355421,
    0.843036094877455,
    0.8439313075701396,
    0.8432193497975667,
    0.8427269982126024,
    0.8415152398745219,
    0.8424025966008504,
    0.8418725027720133,
    0.8412937897470262,
    0.8414962432437473,
    0.840206426164839,
    0.8408934653600056,
    0.8401993212381998,
    0.8402061833699545,
    0.8392605180952284,
    0.8400018521308898,
    0.8400252865685357,
    0.8402906812667846,
    0.8400518013954162,
    0.8396848823335435,
    0.8397008044984605,
    0.8392938377168443,
    0.8397161220020718,
    0.8393149022950066,
    0.8400173231124878,
    0.8393960593541463,
    0.8396616584248013,
    0.8378954438527425,
    0.8393638120439317,
    0.8396872794575161,
    0.8381864462534586,
    0.839051411151886,
    0.8389722691641913,
    0.8384445283995734,
    0.8387071101930407,
    0.8385690868271721
  ],