{
  "config": {
    "dataset": "cifar100",
    "model": "resnet18",
    "optimizer": "AdamW",
    "epochs": 200,
    "batch_size": 128,
    "lr": null,
    "weight_decay": 0.0005,
    "seed": 42,
    "save_dir": "./results/v11_round2",
    "data_dir": "./dataset",
    "workers": 2,
    "a_lr_ratio": null,
    "warmup": 20,
    "c_base": 1.0,
    "kappa": 5.0,
    "homotopy_sharpness": 10.0,
    "homotopy_speed": 2.0,
    "kf_damping": 0.001,
    "kf_update_interval": 20,
    "label_smoothing": 0.1,
    "grad_clip": 0.0,
    "sam_rho": 0.0,
    "momentum": 0.9,
    "alpha_kf": 0.15,
    "alpha_adam_kf": 0.05,
    "s_max": 0.7,
    "kf_warmup": 500,
    "cos_sim_threshold": 0.0
  },
  "train_loss": [
    3.9797269336276586,
    3.4634984139760334,
    3.1271871889750162,
    2.8775256924523247,
    2.692920581987169,
    2.5465385305192734,
    2.4212927209642197,
    2.322509391064114,
    2.2294300562964544,
    2.1538085033416747,
    2.078061809200711,
    2.0097608097924127,
    1.9516541511535646,
    1.8934436079237196,
    1.8454709714889526,
    1.7955354345957437,
    1.7466644180721707,
    1.7039897337171765,
    1.6604776719411214,
    1.625637175623576,
    1.5865609291500515,
    1.5501121448092992,
    1.5151708981831868,
    1.4860062808142769,
    1.4541781870947943,
    1.4221074410332575,
    1.3962623190561931,
    1.3703551394992404,
    1.342958062701755,
    1.3283408408059014,
    1.3087003016789753,
    1.2753132591247558,
    1.2592971169153848,
    1.248948681725396,
    1.23057192846934,
    1.2139534570058186,
    1.2021070434994168,
    1.1875528902265762,
    1.1708229949103461,
    1.1598301598442926,
    1.145705835088094,
    1.1392744859907362,
    1.1308464836968315,
    1.1163618258158365,
    1.1121368146684434,
    1.1033869570202297,
    1.0910769185384115,
    1.0909781798468696,
    1.0758234244028728,
    1.0765473882887098,
    1.0668703725602893,
    1.0567046665827433,
    1.0520313177320693,
    1.0517974598990547,
    1.0411853841145833,
    1.0372148597505357,
    1.0320801378673978,
    1.0286551432821485,
    1.0228575308481853,
    1.0203145241631402,
    1.0152461439344618,
    1.0082951116985746,
    1.0084929007000394,
    1.0055860157436796,
    0.9969810810936822,
    0.9940719196107652,
    0.9894855584674411,
    0.9835709210713705,
    0.9796764314227634,
    0.982310055647956,
    0.9782800078074138,
    0.972541443655226,
    0.9701034783257378,
    0.9669972567452325,
    0.9602698766708374,
    0.9625971751848856,
    0.9591744910875957,
    0.9549471545325385,
    0.9515233981662327,
    0.9499113851123386,
    0.9469029660224915,
    0.9471320661650764,
    0.944055059782664,
    0.9395545771068997,
    0.9371592800352309,
    0.9371261876636081,
    0.9326948821279738,
    0.9318319622675578,
    0.9302663375218709,
    0.9262616764280531,
    0.924904429796007,
    0.9204962436993916,
    0.919646649424235,
    0.9180118353101943,
    0.9159808941523234,
    0.9162226410230001,
    0.9134510928048027,
    0.9136762721803453,
    0.9078698631180657,
    0.9084775997161865,
    0.9037125527593824,
    0.9037764219495985,
    0.9030776804712084,
    0.9014666591220432,
    0.8977799760818481,
    0.8972090466499328,
    0.8958635730319553,
    0.8943803098254733,
    0.8922043981764052,
    0.8881866323365105,
    0.8910431525548299,
    0.8901873700247871,
    0.8890732208251954,
    0.8861552762879266,
    0.885446522670322,
    0.8822326350106133,
    0.8810670750300089,
    0.8814995862113105,
    0.8773940577401055,
    0.8773388229688008,
    0.8776355079862806,
    0.8746462289280361,
    0.8727229015880161,
    0.8742547418806288,
    0.8742625323401557,
    0.8715001214769151,
    0.8695778773625692,
    0.8691779875861274,
    0.8678873865445454,
    0.8664660821066963,
    0.8653588243590461,
    0.8662439318974813,
    0.8644194652133518,
    0.8639699570443895,
    0.86102032339308,
    0.8603496424251132,
    0.8601409726460775,
    0.8603258590698242,
    0.858370732498169,
    0.8572694936010573,
    0.8565164645089044,
    0.8567299808502197,
    0.8559519601927863,
    0.8546595499674479,
    0.8555355887624952,
    0.8515083819495307,
    0.8520463635020786,
    0.851577575217353,
    0.8515340169270833,
    0.8512907568613688,
    0.8508910261048211,
    0.8499977554321289,
    0.8490911537488302,
    0.8476277016745674,
    0.8497139569282531,
    0.8476628097958034,
    0.8474185722986857,
    0.8461738493389553,
    0.8459075764338175,
    0.8456757033242119,
    0.8454268475002713,
    0.8443729728168912,
    0.8442732073677911,
    0.8435304762310452,
    0.8426055499924554,
    0.844985532951355,
    0.842947038184272,
    0.841391670205858,
    0.8411033872286479,
    0.8415745899094476,
    0.8410140788608127,
    0.840750944021013,
    0.840130572658115,
    0.8420231089697944,
    0.8399717373318142,
    0.8405585128148397,
    0.8398521404584249,
    0.8386862051433988,
    0.8393658111784194,
    0.8394072060479059,
    0.838019741821289,
    0.8376507273462084,
    0.8391585650126139,
    0.8389054952091641,
    0.8395655798382229,
    0.8386114218393962,
    0.8387966199874878,
    0.8382117096794977,
    0.8379484260347154,
    0.8386996500227186,
    0.8382269010014004,
    0.8379754900296529,
    0.8371675026681689,
    0.8375782434463501,
    0.8379803967369928,
    0.837513129181332,
    0.8375909301969741,
    0.8375205593532986,
    0.8376779239972433,
    0.8376011718008254
  ],