{
  "config": {
    "dataset": "cifar100",
    "model": "resnet18",
    "optimizer": "LAKTJU",
    "epochs": 20,
    "batch_size": 128,
    "lr": 0.003,
    "weight_decay": 0.001,
    "seed": 42,
    "save_dir": "./results/v9_round0",
    "data_dir": "./dataset",
    "workers": 4,
    "a_lr_ratio": 0.333,
    "warmup": 100,
    "c_base": 1.0,
    "kappa": 5.0,
    "homotopy_sharpness": 10.0,
    "homotopy_speed": 5.0,
    "kf_damping": 0.001,
    "kf_update_interval": 20,
    "label_smoothing": 0.1,
    "grad_clip": 0.0,
    "sam_rho": 0.0,
    "momentum": 0.9,
    "alpha_kf": 0.15,
    "alpha_adam_kf": 0.05,
    "s_max": 0.7
  },
  "train_loss": [
    4.026996282153659,
    3.3986001017252603,
    3.0383434740702313,
    2.804433306757609,
    2.6230478255377876,
    2.471747057978312,
    2.349148911031087,
    2.239189532979329,
    2.1374557917277017,
    2.0477584874471026,
    1.9599987884733412,
    1.8776768548753526,
    1.7974245020548503,
    1.7171475960625542,
    1.6474602704789902,
    1.5824638663397894,
    1.522229407374064,
    1.4771064838833279,
    1.4389822557025485,
    1.4140738476647272
  ],
  "valid_loss": [
    3.637000761795044,
    3.4116627639770507,
    3.2317358932495117,
    2.692975342178345,
    2.5211969051361085,
    2.4837618211746215,
    2.4095895687103273,
    2.1959140758514404,
    2.23631837310791,
    2.0858860733032225,
    2.0018849754333496,
    1.947842417907715,
    1.9315625686645508,
    1.8555418041229248,
    1.7984752471923828,
    1.7659768592834473,
    1.7475835117340088,
    1.7188935955047608,
    1.6995339782714844,
    1.69064289188385
  ],
  "valid_acc": [
    18.98,
    25.78,
    30.74,
    40.4,
    46.52,
    48.0,
    49.72,
    56.36,
    55.18,
    58.8,
    61.6,
    64.0,
    63.92,
    66.16,
    68.14,
    69.4,
    70.48,
    71.34,
    71.86,
    72.32
  ],
  "test_acc": [
    0.0,
    0.0,
    0.0,
    0.0,
    0.0,
    0.0,
    0.0,
    0.0,
    0.0,
    58.98,
    58.98,
    58.98,
    58.98,
    58.98,
    58.98,
    58.98,
    58.98,
    58.98,
    58.98,
    71.46
  ],
  "epoch_time": [
    15.570805549621582,
    16.30798602104187,
    16.19293189048767,
    16.323200941085815,
    16.289103269577026,
    16.198957920074463,
    16.32469606399536,
    16.186320543289185,
    16.322983741760254,
    16.732657432556152,
    16.241410970687866,
    16.3399555683136,
    16.227455615997314,
    16.34245991706848,
    16.331641674041748,
    16.203033685684204,
    16.32526445388794,
    16.195686101913452,
    16.310547828674316,
    16.723045825958252
  ],
  "best_valid_acc": 72.32,
  "best_test_acc": 71.46
}