{
  "config": {
    "dataset": "cifar100",
    "model": "resnet18",
    "optimizer": "LAKTJU_V9",
    "epochs": 200,
    "batch_size": 128,
    "lr": 0.02,
    "weight_decay": 0.001,
    "seed": 42,
    "save_dir": "./results/v9_round3",
    "data_dir": "./dataset",
    "workers": 2,
    "a_lr_ratio": 0.2,
    "warmup": 100,
    "c_base": 1.0,
    "kappa": 5.0,
    "homotopy_sharpness": 10.0,
    "homotopy_speed": 5.0,
    "kf_damping": 0.001,
    "kf_update_interval": 20,
    "label_smoothing": 0.1,
    "grad_clip": 0.0,
    "sam_rho": 0.05,
    "momentum": 0.9,
    "alpha_kf": 0.0,
    "alpha_adam_kf": 0.0,
    "s_max": 0.7
  },
  "train_loss": [
    4.165767403115167,
    3.6967863844977487,
    3.410046293343438,
    3.1678807077195907,
    2.9708120963202584,
    2.7919805656433105,
    2.648147580040826,
    2.530259978612264,
    2.419012841881646,
    2.3415888003031413,
    2.26303215798272,
    2.1913543443891736,
    2.133310604265001,
    2.0738660336388484,
    2.029582052400377,
    1.9754502028571235,
    1.9272522354761759,
    1.8874039176940918,
    1.8446360616895887,
    1.807926282374064,
    1.7752446063571505,
    1.7402231699201796,
    1.7084934550391304,
    1.6713697027842205,
    1.6353156214396158,
    1.608858320702447,
    1.5765780550426907,
    1.5480604912228055,
    1.5218187901178997,
    1.5055566425747342,
    1.4715656979878744,
    1.445769580162896,
    1.42077686314053,
    1.4064813395606146,
    1.3723296273761325,
    1.365807720459832,
    1.3434219259050157,
    1.3276329858779907,
    1.3040132270812987,
    1.2865828303019207,
    1.272276691754659,
    1.2582227286868626,
    1.2469462119632297,
    1.2322226673762005,
    1.2136181048075358,
    1.2080027845806545,
    1.1960085233900282,
    1.1897329737345377,
    1.1715985865275065,
    1.1654190258661905,
    1.1533723561604818,
    1.1419784676233928,
    1.1318608106825088,
    1.12859378874037,
    1.1211555503209432,
    1.1091776922861736,
    1.1000475763956705,
    1.098157199075487,
    1.0915024219089084,
    1.0902142717573378,
    1.0722802940792509,
    1.0744041232426962,
    1.0629510508643256,
    1.0591295095231799,
    1.0525267230563693,
    1.0458447550031873,
    1.0402922372394139,
    1.0360834936353895,
    1.0300781918207804,
    1.0267400739457873,
    1.0215975984361436,
    1.017430377790663,
    1.0172456264283922,
    1.008362977133857,
    1.008853425195482,
    1.0037890906016032,
    0.9945543291197882,
    0.992352809800042,
    0.9867989633772108,
    0.9828140072928535,
    0.9811679450247023,
    0.9779012763765124,
    0.9728540246221754,
    0.974996457333035,
    0.9694274686813354,
    0.9640800878948635,
    0.9627662588331435,
    0.958381808482276,
    0.9542591191821628,
    0.9500428845935398,
    0.9524100225024753,
    0.9436005212995741,
    0.9461520405027601,
    0.9434874910036722,
    0.9423714807934231,
    0.936821797964308,
    0.9349383559650845,
    0.9338880964385139,
    0.9270724395540025,
    0.9246281998422411,
    0.9215815924326579,
    0.9204731405470107,
    0.9153031623946296,
    0.9181971029811435,
    0.9174979644457499,
    0.9119304103851318,
    0.9070141503228082,
    0.9078426466835869,
    0.9068192135704888,
    0.9036546283404032,
    0.9006193940056695,
    0.8989881390253702,
    0.897587461789449,
    0.8977517003377279,
    0.8946732877837287,
    0.8932506200048659,
    0.8893942009607951,
    0.8865695179409451,
    0.8876562313715617,
    0.8860240294244555,
    0.8840670946651035,
    0.8814846923616197,
    0.8809044850031534,
    0.8792670093960232,
    0.8760184762848748,
    0.8747557874679566,
    0.8742874552620782,
    0.8705607774204678,
    0.8717475373797946,
    0.870142628510793,
    0.8679342210769654,
    0.8665430171012879,
    0.8646487327151828,
    0.8645628874884711,
    0.8633298645125496,
    0.8627403419494629,
    0.8612583469496833,
    0.8607847473568386,
    0.8559215139812894,
    0.8570543944464789,
    0.8563721951060825,
    0.8541527580473158,
    0.8542510839462281,
    0.8533309650421143,
    0.8523663019498189,
    0.8508751998053656,
    0.8501792341868083,
    0.8498267226960924,
    0.8490515823046366,
    0.8482955725140042,
    0.8457169751379225,
    0.8470093579610188,
    0.8444404989878337,
    0.8440578420215182,
    0.8443536718368531,
    0.8425624473889669,
    0.8420747974819607,
    0.8415876781251695,
    0.8399671940909491,
    0.8402666198624505,
    0.8393216842863295,
    0.8394409654829237,
    0.8368984040896098,
    0.8364515903260973,
    0.8363557916111416,
    0.8367897331661648,
    0.8356404070218404,
    0.8355048519028557,
    0.8354551344341702,
    0.8340533580568101,
    0.8339039993709988,
    0.8333902861807081,
    0.8330316668616401,
    0.8321792218208313,
    0.8325169335259331,
    0.8314387899398804,
    0.8319501890394423,
    0.8323373612085978,
    0.8311351230833266,
    0.8296920879575941,
    0.8304122435675727,
    0.830463143825531,
    0.8305647409756979,
    0.8296714452107747,
    0.8299833439932929,
    0.8292666426870559,
    0.8297322988298205,
    0.8284089456028408,
    0.8286277682304383,
    0.8293165538575914,
    0.8288341595967611,
    0.8292001042048136,
    0.829075399822659,
    0.8282043155034383,
    0.8288941337585449,
    0.8289020433955723,
    0.8285775800598992,
    0.8282944603919983,
    0.8286311086866591,
    0.8293996810595194
  ],