{
  "config": {
    "dataset": "cifar10",
    "model": "resnet18",
    "optimizer": "LAKTJU_V9",
    "epochs": 200,
    "batch_size": 128,
    "lr": 0.02,
    "weight_decay": 0.001,
    "seed": 42,
    "save_dir": "./results/v9_round3",
    "data_dir": "./dataset",
    "workers": 2,
    "a_lr_ratio": 0.2,
    "warmup": 100,
    "c_base": 1.0,
    "kappa": 5.0,
    "homotopy_sharpness": 10.0,
    "homotopy_speed": 5.0,
    "kf_damping": 0.001,
    "kf_update_interval": 20,
    "label_smoothing": 0.1,
    "grad_clip": 0.0,
    "sam_rho": 0.0,
    "momentum": 0.9,
    "alpha_kf": 0.05,
    "alpha_adam_kf": 0.0,
    "s_max": 0.7
  },
  "train_loss": [
    1.891377224138048,
    1.3884302419874404,
    1.2141684275945028,
    1.1207961064020793,
    1.0573544191572402,
    1.0118033834775289,
    0.9826850524690416,
    0.9522302409701877,
    0.9295447852876452,
    0.9067724343829685,
    0.8942649722417195,
    0.8739221442964342,
    0.8648932337443034,
    0.8534315306133694,
    0.8411407666418288,
    0.8314019817988078,
    0.8183627399656508,
    0.8083853187349107,
    0.8026626563707987,
    0.7938230869611105,
    0.7867643380059136,
    0.7783504784478081,
    0.7714956047058106,
    0.762329649289449,
    0.7593709037144979,
    0.7509529795964559,
    0.7475180848227607,
    0.740923465707567,
    0.7318669352637397,
    0.7284512318505181,
    0.7262366126484341,
    0.7179675597296821,
    0.7148719451692369,
    0.7066198829756842,
    0.7022678008927239,
    0.6987281948725382,
    0.695869141154819,
    0.6943001942528618,
    0.6856625893063015,
    0.679237857415941,
    0.6778614695866902,
    0.6739466414875455,
    0.6702905243555705,
    0.6717351668887668,
    0.664298723856608,
    0.6620840370496114,
    0.6592808697064717,
    0.6552726570129395,
    0.6541231865459018,
    0.6496245388031006,
    0.6451111231803894,
    0.6427854625807868,
    0.6418608397377862,
    0.6420449890030755,
    0.6351304774708219,
    0.6314028278668722,
    0.6324958058887058,
    0.6220081804805332,
    0.6261593744383918,
    0.6228925789939033,
    0.6205022648387485,
    0.619618376021915,
    0.6145778865814209,
    0.6123596265157064,
    0.614315922387441,
    0.6107164129469129,
    0.6060013974189759,
    0.6078839478916592,
    0.6034742811520895,
    0.6032658156924777,
    0.6001112023883396,
    0.5985584107398987,
    0.596735263941023,
    0.5965651388804117,
    0.5933104925579495,
    0.5918989296489292,
    0.5904451484680175,
    0.5890813895967272,
    0.5892085321426391,
    0.5867451196670532,
    0.5870963013119168,
    0.580757610935635,
    0.5807174740049574,
    0.5834483894877963,
    0.5778720261043973,
    0.5737170859866673,
    0.5752340175628662,
    0.5727364976353115,
    0.5731463178316752,
    0.5682975313822428,
    0.5715831744829813,
    0.5711992792659336,
    0.5665011308458117,
    0.5662885475158691,
    0.5653870715141296,
    0.5670361442565918,
    0.5649283325089348,
    0.5617986295276218,
    0.5639307361284892,
    0.560679782878028,
    0.5581045149803162,
    0.5600960110134549,
    0.5565805528216892,
    0.5558882787174648,
    0.5521794955571493,
    0.5572171925756666,
    0.5520278626124064,
    0.552947780863444,
    0.5523213749567668,
    0.55184235496521,
    0.5486537038273281,
    0.5490632704204983,
    0.5466687967830234,
    0.5465659722858005,
    0.5491946443451775,
    0.545314575152927,
    0.5434688323762682,
    0.5442043176439073,
    0.5435092463811239,
    0.542761836719513,
    0.541657710562812,
    0.5405000017272101,
    0.5382220599068536,
    0.5385591116057502,
    0.5380880534489949,
    0.5377385949028863,
    0.5384170371161567,
    0.538226298544142,
    0.5363659649954902,
    0.5360745189348857,
    0.5357792496257359,
    0.5339844078699748,
    0.5330132845136855,
    0.5315595977253385,
    0.5298128851360745,
    0.5292176277054681,
    0.5306398682912191,
    0.5313556555959913,
    0.5284680310143365,
    0.5263246054013571,
    0.5262562493748135,
    0.528976602130466,
    0.5250076196458605,
    0.5261544092178345,
    0.5259097915861342,
    0.5249981850624085,
    0.5243829578399658,
    0.5244114648607042,
    0.5230171691152784,
    0.5221591027365791,
    0.524180845451355,
    0.5217209794150458,
    0.520256032064226,
    0.5208452356126574,
    0.5210117314444648,
    0.5211365204175313,
    0.5198344140158759,
    0.5197265583992005,
    0.5191748217476739,
    0.5181640038490295,
    0.520214220852322,
    0.518070963774787,
    0.5187078180842929,
    0.5183834806548224,
    0.5182266255060831,
    0.5156605932659573,
    0.5176735850546095,
    0.515968349287245,
    0.516703202173445,
    0.5149433804723952,
    0.5163110815578037,
    0.5154410950660706,
    0.5161092983351814,
    0.5153692706955804,
    0.5148286676088969,
    0.5152240406778124,
    0.5148402621481154,
    0.5139398293389215,
    0.5150647057639228,
    0.5144363440407647,
    0.5144870131174724,
    0.5151724838680691,
    0.5132240948253207,
    0.5138171073383755,
    0.5144495108392504,
    0.513883682261573,
    0.51412411998113,
    0.5137989842308892,
    0.5139130416446261,
    0.5128224427964952,
    0.5142167663574219,
    0.5126182753456964,
    0.5134960668351916,
    0.51288728339937,
    0.5133389594607883,
    0.5129799158944024,
    0.5125801638709174,
    0.512992493809594,
    0.5122945194350349,
    0.5125568021138509
  ],