{
  "config": {
    "dataset": "cifar100",
    "model": "resnet18",
    "optimizer": "SGD",
    "epochs": 200,
    "batch_size": 128,
    "lr": null,
    "weight_decay": 0.001,
    "seed": 42,
    "save_dir": "./results/v9_round3",
    "data_dir": "./dataset",
    "workers": 2,
    "a_lr_ratio": null,
    "warmup": 20,
    "c_base": 1.0,
    "kappa": 5.0,
    "homotopy_sharpness": 10.0,
    "homotopy_speed": 2.0,
    "kf_damping": 0.001,
    "kf_update_interval": 20,
    "label_smoothing": 0.1,
    "grad_clip": 0.0,
    "sam_rho": 0.0,
    "momentum": 0.9,
    "alpha_kf": 0.15,
    "alpha_adam_kf": 0.05,
    "s_max": 0.7
  },
  "train_loss": [
    4.168679079352485,
    3.7879403129577636,
    3.533341589355469,
    3.273771939722697,
    3.063533917321099,
    2.9311538603888616,
    2.8175321919759115,
    2.7314955045488145,
    2.6746004181755914,
    2.6190440120273166,
    2.5741188497755263,
    2.5542395340389676,
    2.523733876630995,
    2.5028509787665474,
    2.4878259713490802,
    2.4696798874325223,
    2.4541073182000055,
    2.441911975055271,
    2.423613720957438,
    2.4240970116933185,
    2.4092485419803196,
    2.4001582854800754,
    2.396065123960707,
    2.3881724764929877,
    2.379697509850396,
    2.3760250734965007,
    2.3716221291859947,
    2.367067185084025,
    2.355437032233344,
    2.3492998439788817,
    2.3514504397074383,
    2.344119304699368,
    2.342544161478678,
    2.3336713065253365,
    2.328419275114271,
    2.3202179458618164,
    2.3137474728478327,
    2.3217175959269207,
    2.3112277904086644,
    2.305857288360596,
    2.3068746824476456,
    2.2987830352783205,
    2.3019951009962294,
    2.2888815339830186,
    2.2940879795498317,
    2.278877144071791,
    2.2765915074242487,
    2.2706410192277695,
    2.2696451165093317,
    2.2541100675794814,
    2.2605811721801756,
    2.2519385704888237,
    2.250725519604153,
    2.2416230648040774,
    2.238873108291626,
    2.225010822804769,
    2.228443492126465,
    2.2258762926737465,
    2.227095491748386,
    2.2107960344526503,
    2.212471252017551,
    2.200919143295288,
    2.1968207533094617,
    2.2005762324439155,
    2.195537794070774,
    2.185798865890503,
    2.1727319682651096,
    2.1719645973205566,
    2.1753677969614666,
    2.164145759073893,
    2.15535047454834,
    2.1564769457075332,
    2.1517815808614094,
    2.1368656347486708,
    2.139336888970269,
    2.1306190330929224,
    2.119272644721137,
    2.113054734463162,
    2.1119983876546224,
    2.103574984486898,
    2.105333840009901,
    2.089017630725437,
    2.0805627902560766,
    2.069820886484782,
    2.075698934809367,
    2.0665318129221597,
    2.0565279689364964,
    2.057915661833021,
    2.033503829193115,
    2.0444913650512695,
    2.0334512982898287,
    2.02125026957194,
    2.0165157446543374,
    2.011829417122735,
    2.0022356424119736,
    1.9928991891649035,
    1.9823451121436224,
    1.978099192682902,
    1.9701868940141465,
    1.958932499991523,
    1.9481417356067234,
    1.9404824733734132,
    1.9434993172539605,
    1.9374477201673719,
    1.9148008556365967,
    1.9073525486416287,
    1.8966695721096463,
    1.8998593548456828,
    1.8837721169365778,
    1.875902440071106,
    1.8673863875071208,
    1.8534995435926649,
    1.8463009012434217,
    1.8397133280436198,
    1.8262276233673096,
    1.8136789293077258,
    1.804500917731391,
    1.7916507088979086,
    1.7821030154969957,
    1.7778866562737359,
    1.7627881604088678,
    1.7527125102996826,
    1.7435851655748156,
    1.7326026445176865,
    1.7195279385884603,
    1.7098293966505262,
    1.6958411936865914,
    1.678365741305881,
    1.672155122841729,
    1.657932122760349,
    1.6407092205895317,
    1.6328736551708645,
    1.6217951204088,
    1.6072717546251085,
    1.5922930127885606,
    1.5778357174343534,
    1.5761714392768011,
    1.5571303057140775,
    1.5442660236782497,
    1.532004680633545,
    1.5121952115800645,
    1.5028529355155098,
    1.4768569956461588,
    1.471950940492418,
    1.4504539861043295,
    1.4361103725221422,
    1.4242559159172905,
    1.407309902911716,
    1.3890137600368924,
    1.3816102464463975,
    1.359462600156996,
    1.3413701842837864,
    1.3300631145053439,
    1.3152064617792765,
    1.2897684340794882,
    1.2740472517649333,
    1.2627065023422241,
    1.2393418660269844,
    1.2311163331773547,
    1.2146253103044298,
    1.1965145325554742,
    1.1771322444279988,
    1.1671328147040474,
    1.1466688963572185,
    1.1324175859027439,
    1.1167527477264405,
    1.1056168152491253,
    1.0815072671466404,
    1.0660377713097466,
    1.053048437415229,
    1.0463832715140449,
    1.0332849902258978,
    1.0191085080252753,
    1.006712007077535,
    0.9947921399010552,
    0.9870234769821167,
    0.9758081994798449,
    0.9622324593438043,
    0.9532808628506131,
    0.9484265934838189,
    0.9426669070773654,
    0.9315520246717665,
    0.9252893253538343,
    0.9193678215768603,
    0.9151086704042223,
    0.9125236841201783,
    0.90641448802948,
    0.9033277612686157,
    0.9005068228509691,
    0.8961162809477912,
    0.8937377868440416,
    0.8907082997216119,
    0.8908927008628845,
    0.8887740585539076,
    0.8870649806446499,
    0.8863432656606038,
    0.883320444255405,
    0.8840284222073025,
    0.8861508951187134,
    0.8836534958733453
  ],