{
  "config": {
    "dataset": "cifar10",
    "model": "resnet18",
    "optimizer": "SGD",
    "epochs": 200,
    "batch_size": 128,
    "lr": null,
    "weight_decay": 0.001,
    "seed": 42,
    "save_dir": "./results/v9_round3",
    "data_dir": "./dataset",
    "workers": 2,
    "a_lr_ratio": null,
    "warmup": 20,
    "c_base": 1.0,
    "kappa": 5.0,
    "homotopy_sharpness": 10.0,
    "homotopy_speed": 2.0,
    "kf_damping": 0.001,
    "kf_update_interval": 20,
    "label_smoothing": 0.1,
    "grad_clip": 0.0,
    "sam_rho": 0.0,
    "momentum": 0.9,
    "alpha_kf": 0.15,
    "alpha_adam_kf": 0.05,
    "s_max": 0.7
  },
  "train_loss": [
    2.15273502307468,
    1.729912937121921,
    1.558463361591763,
    1.433976777712504,
    1.3596021777682834,
    1.288266898112827,
    1.2299625373628404,
    1.1907117809931438,
    1.1658627673890856,
    1.1396485683865016,
    1.1273448805067274,
    1.1138706077999538,
    1.1040765046861436,
    1.0902827988942465,
    1.0840323206795586,
    1.0741074811299642,
    1.071766585413615,
    1.0615225374645656,
    1.0621106389787462,
    1.0580738530900744,
    1.0459054255803426,
    1.0444622437795004,
    1.0490387505001493,
    1.0376635448879665,
    1.0375202401691013,
    1.0339208662880792,
    1.030048529900445,
    1.0316069739235771,
    1.0287081642574734,
    1.025859622806973,
    1.0238399104648166,
    1.024128552394443,
    1.0196407616933187,
    1.0166159709824456,
    1.0139730442259047,
    1.0078048674053617,
    1.0139934021843804,
    1.0111268542607625,
    1.0115347530788845,
    1.0080974221547445,
    1.0067924858517117,
    1.0063397291289435,
    1.010443387497796,
    0.9965046945359972,
    0.9970379475911458,
    0.9993606594933404,
    0.9979949793709649,
    0.9907237032148574,
    0.990036403740777,
    0.9863144564734565,
    0.9871933130052355,
    0.9859322159873115,
    0.9833250925276015,
    0.9769241445541382,
    0.981252700000339,
    0.977851185268826,
    0.9731408622105916,
    0.9715760984208849,
    0.9727923138512505,
    0.9654366562737359,
    0.973819894833035,
    0.9671162291844686,
    0.9680115871853299,
    0.9595848153644138,
    0.9609127577145894,
    0.9581067973348829,
    0.9555544821739197,
    0.9594387588924832,
    0.9531130687713623,
    0.9489271405325995,
    0.9441751974317762,
    0.9434406181759305,
    0.9515402241600884,
    0.9414412169350518,
    0.9382772534476386,
    0.9399130643208822,
    0.93976144979265,
    0.9317773913277521,
    0.9322885899013943,
    0.9330831446117825,
    0.9278709827211168,
    0.922599876191881,
    0.9232305020438301,
    0.9208757305781047,
    0.9145054578569201,
    0.9133581243515014,
    0.9170498757892185,
    0.9072374727884929,
    0.909324464088016,
    0.9045675148116218,
    0.9011291714562311,
    0.9020415042347378,
    0.8986487753550212,
    0.8943772211286757,
    0.8912563710530599,
    0.8944901667488946,
    0.8822331663661533,
    0.8825969921535916,
    0.8804683479732938,
    0.8765600696987575,
    0.8779376657485962,
    0.8748557383219401,
    0.8728512586699592,
    0.8640257753796048,
    0.865810062344869,
    0.866958883412679,
    0.860918509610494,
    0.8547975278854371,
    0.8545148560206095,
    0.8513486986796062,
    0.8457513040118747,
    0.8439653426912096,
    0.840846228090922,
    0.8392804828008016,
    0.834320599132114,
    0.8288600333107843,
    0.8242438820309109,
    0.8251225754208035,
    0.8247350378142463,
    0.8170071271578471,
    0.8180317959891426,
    0.8070640006595188,
    0.8053722354041205,
    0.8053265364540948,
    0.8015755164676243,
    0.7981514707777235,
    0.7947523306952582,
    0.7906497342533535,
    0.7908495354652405,
    0.7787652187347412,
    0.7777875603357951,
    0.7745268208291796,
    0.7751005993101332,
    0.7681983898056878,
    0.7686125721613566,
    0.7578594247817994,
    0.7570632781770494,
    0.7556855261272855,
    0.7480673589600457,
    0.7499226910485162,
    0.742028075811598,
    0.7339961360507541,
    0.7315498908996582,
    0.7313233521249559,
    0.7296677253087361,
    0.7233147857136196,
    0.7197174191580878,
    0.719687092060513,
    0.7095762368308173,
    0.7046232600953843,
    0.7046092632081774,
    0.6949798868603176,
    0.6918203506469727,
    0.6900564842118158,
    0.6850385661972893,
    0.6793842175801595,
    0.6729668157577514,
    0.6735806557019551,
    0.6653472433302138,
    0.6559622313287523,
    0.65502332016627,
    0.6498923771540324,
    0.6434220124774509,
    0.6426177275763617,
    0.6362977729479472,
    0.6294085588031345,
    0.6299741886350844,
    0.6198048419528537,
    0.6150358977211846,
    0.6130861802524991,
    0.6056210038714939,
    0.6042473530769348,
    0.601514498562283,
    0.5943601173294915,
    0.591554124630822,
    0.5836536131964789,
    0.5820967717700535,
    0.5764267258961996,
    0.5731461640252007,
    0.5703108072068956,
    0.5652197717984517,
    0.5623340164502462,
    0.5583911717944675,
    0.5551997937732273,
    0.5533032987912496,
    0.5486595789167616,
    0.5465102009031507,
    0.5447054836485121,
    0.5439966364966499,
    0.5408000847922431,
    0.5395131091647678,
    0.5374097158855862,
    0.5394488246070014,
    0.5379128002166748,
    0.5355669475767347,
    0.5361394973542956,
    0.5350988115946452,
    0.5348363021214803,
    0.5355842882262336,
    0.5337218844731649
  ],