{
  "config": {
    "dataset": "cifar10",
    "model": "resnet18",
    "optimizer": "LAKTJU_V12",
    "epochs": 200,
    "batch_size": 128,
    "lr": 0.01,
    "weight_decay": 0.0005,
    "seed": 123,
    "save_dir": "./results/v12_round2",
    "data_dir": "./dataset",
    "workers": 4,
    "a_lr_ratio": null,
    "warmup": 20,
    "c_base": 1.0,
    "kappa": 5.0,
    "homotopy_sharpness": 10.0,
    "homotopy_speed": 2.0,
    "kf_damping": 0.001,
    "kf_update_interval": 20,
    "label_smoothing": 0.1,
    "grad_clip": 0.0,
    "sam_rho": 0.0,
    "momentum": 0.9,
    "alpha_kf": 0.15,
    "alpha_adam_kf": 0.05,
    "s_max": 0.7,
    "kf_warmup": 300,
    "cos_sim_threshold": 0.0,
    "kf_clip_max": 50.0,
    "grad_centralization": true,
    "no_grad_centralization": false
  },
  "train_loss": [
    1.6720608663347032,
    1.4035163049062094,
    1.3969261603461371,
    1.3336718942218357,
    1.2637576028611925,
    1.258412859641181,
    1.162488793733385,
    1.0572077156066895,
    0.999018560303582,
    0.9718739871342977,
    0.9450609755622016,
    0.9197404622183906,
    0.9018980416403877,
    0.8831115737279256,
    0.8711358237372504,
    0.8577729959487915,
    0.8507896517223782,
    0.8353938474655151,
    0.8228724126391941,
    0.8120684834480285,
    0.8024828675905863,
    0.7938631765259637,
    0.7848384540769789,
    0.7812698167800903,
    0.7755958352088929,
    0.7615557113011678,
    0.7539052205721537,
    0.7508788654221429,
    0.7490526189804078,
    0.7391557282129924,
    0.7428814364645216,
    0.7333846429400974,
    0.7276844557444254,
    0.7245846773147583,
    0.7202342362297905,
    0.7178097042507595,
    0.7082594937006632,
    0.7032531054390802,
    0.7057849207136366,
    0.6991621673372057,
    0.6969930594656203,
    0.6911763833363851,
    0.6903163945515951,
    0.6847847457885742,
    0.6821159385575188,
    0.6812521416558159,
    0.672504756058587,
    0.6731722980711196,
    0.6715381059010823,
    0.6689921183692085,
    0.6654865443865459,
    0.6628067441622416,
    0.6635156922446357,
    0.6568754014756945,
    0.6575164953019884,
    0.6541088129255507,
    0.6531356305758158,
    0.6487745822588603,
    0.6479647416220771,
    0.6503737721867031,
    0.6397515411376953,
    0.6388901981035868,
    0.6394222433620029,
    0.6339577481057909,
    0.6345407172309028,
    0.9637965218438043,
    2.0544914463678996,
    1.7708785333633423,
    1.6109525591108533,
    1.4972013516743978,
    1.40494531733195,
    1.3338877142164443,
    1.2661785072750515,
    1.2133019608815512,
    1.1576613160239326,
    1.11267568136851,
    1.0672171615600585,
    1.0280112521913316,
    0.9954823559655084,
    0.9558939743677775,
    0.9158821321487427,
    0.8896273931927151,
    0.9524790428373549,
    0.8644668063269721,
    0.8506800846735636,
    0.8197565816349454,
    0.7984887066735161,
    0.7889895508024427,
    0.7707029961162143,
    0.7625746699651083,
    0.7485225154028998,
    0.7374649004830255,
    0.7298924083709717,
    0.7210567326439752,
    0.7129082745552063,
    0.7054537556118435,
    0.6979309214697944,
    0.6992731837802463,
    0.6885407830238343,
    0.7905233329561021,
    0.7153531521055434,
    0.6973582652727763,
    0.6882315765804715,
    0.6793067072656419,
    0.6722171628952026,
    0.6690506500879924,
    0.7131978686650594,
    0.7186503708309597,
    0.6876702709621854,
    0.6697722765922547,
    0.6619940617561341,
    0.6564978378507826,
    0.6479425448099773,
    0.6483371021058825,
    0.6505612489276462,
    0.6424254797617595,
    0.6432092219140795,
    0.6429778107749091,
    0.639600952466329,
    0.7526545398288303,
    0.7351057507620917,
    0.6913902728186714,
    0.6682114766968621,
    0.6610904330359565,
    0.6510494773334927,
    0.6454531650331286,
    0.639386278936598,
    0.635089652188619,
    0.6293063899146186,
    0.6265517710579767,
    0.6261580967479282,
    0.6256710189183553,
    0.6222853345659044,
    0.6206105125639174,
    0.6169645044962565,
    0.6113029621230232,
    0.6091391153653463,
    0.6101217377662659,
    0.6094266194873386,
    0.605848493915134,
    0.6027333770751954,
    0.6027087007204691,
    0.6004459761831495,
    0.5965729501724243,
    0.5954284258524577,
    0.5934711515850492,
    0.5913389449967278,
    0.5941441771825154,
    0.5873794563187493,
    0.5882231413523357,
    0.5883440325101217,
    0.5870258954154121,
    0.587951391336653,
    0.5840436588075426,
    0.5815981677691142,
    0.5796710866716173,
    0.5782789351781209,
    0.5805495046085781,
    0.5767860559039646,
    0.5769443487167358,
    0.5758168479071724,
    0.5754236226505703,
    0.5734663183636135,
    0.5722084356519911,
    0.5740966779602898,
    0.5713858214484321,
    0.567873986530304,
    0.6068937968995836,
    0.5721747666570876,
    0.5693628530396355,
    0.5662358896785312,
    0.5665752392345005,
    0.5663668935987685,
    0.5641836389435663,
    0.5633038807021247,
    0.5622374925083584,
    0.5654897961616516,
    0.5633804647551642,
    0.5660677665498521,
    0.5640650045394897,
    0.5607557441287571,
    0.5630540787272983,
    0.5623441111352708,
    0.5611443858676487,
    0.5616796779526605,
    0.562157519170973,
    0.5605597026824951,
    0.5587436023606195,
    0.559911288579305,
    0.5583358833101061,
    0.5592074043273926,
    0.561657207552592,
    0.5578380890634325,
    0.5567960808648004,
    0.5591783462630378,
    0.5578838961495294,
    0.5581980126168993,
    0.5605124172210694,
    0.55722053565979,
    0.5606821018218994
  ],