{
  "config": {
    "dataset": "cifar100",
    "model": "resnet18",
    "optimizer": "LAKTJU_V12",
    "epochs": 200,
    "batch_size": 128,
    "lr": 0.01,
    "weight_decay": 0.0005,
    "seed": 456,
    "save_dir": "./results/v12_round2",
    "data_dir": "./dataset",
    "workers": 4,
    "a_lr_ratio": null,
    "warmup": 20,
    "c_base": 1.0,
    "kappa": 5.0,
    "homotopy_sharpness": 10.0,
    "homotopy_speed": 2.0,
    "kf_damping": 0.001,
    "kf_update_interval": 20,
    "label_smoothing": 0.1,
    "grad_clip": 0.0,
    "sam_rho": 0.0,
    "momentum": 0.9,
    "alpha_kf": 0.15,
    "alpha_adam_kf": 0.05,
    "s_max": 0.7,
    "kf_warmup": 300,
    "cos_sim_threshold": 0.0,
    "kf_clip_max": 50.0,
    "grad_centralization": true,
    "no_grad_centralization": false
  },
  "train_loss": [
    4.140461368645562,
    4.244318625640869,
    4.024398235872057,
    3.936755835300022,
    3.8692288502587213,
    3.7565539228227403,
    3.6780749287075465,
    3.57505216293335,
    3.5166451366000704,
    3.4192176191965737,
    3.3378736850738524,
    3.3033018620385066,
    3.243835744688246,
    3.0997379570855035,
    3.008518157026503,
    2.916070748901367,
    2.833903187221951,
    2.811121308051215,
    2.714879618242052,
    2.6111598392910427,
    2.5305027640448676,
    2.465773162460327,
    3.2675908053927953,
    4.5533218382093645,
    4.49639796057807,
    4.419905164930555,
    4.360976479932997,
    4.312098518880208,
    4.259501153140598,
    4.196922294108073,
    4.1351913323296445,
    4.07051200612386,
    3.995416810353597,
    3.917021568976508,
    3.8298181602478025,
    3.7565905592176647,
    3.68115676973131,
    3.6043568812476265,
    3.5251840623643664,
    3.445845954471164,
    3.364497666676839,
    3.282398432498508,
    3.192345121298896,
    3.1127725626627605,
    3.03094630762736,
    2.9591549132029216,
    2.8808555767907036,
    2.8108092798868816,
    2.7463832220289444,
    2.697969795057509,
    2.629977143690321,
    2.582182246653239,
    2.5370014455159504,
    2.4901259494357637,
    2.441478035481771,
    2.404723045179579,
    2.3668620127360027,
    2.3248242632548015,
    3.5523127668592664,
    4.648295351155599,
    4.59383199734158,
    4.555033938852946,
    4.5100777294582794,
    4.431224691518148,
    4.294099480438232,
    4.1853594013637965,
    4.088255858018663,
    3.9951739871554905,
    3.8953206256866455,
    3.7950665384928386,
    3.7012411046346028,
    3.6212388974083796,
    3.5397291838328044,
    3.4690070127275257,
    3.39153830303616,
    3.317785359954834,
    3.2433357207404243,
    3.168799687830607,
    3.099455682457818,
    3.0265657907274033,
    2.967586214065552,
    2.9081471183776855,
    2.8387165384080677,
    2.7799913991292318,
    2.7221840632544625,
    2.6687587647332087,
    2.6082882500542537,
    2.5652257314893934,
    2.51055850499471,
    2.470712232208252,
    2.4325790367126463,
    2.392877640660604,
    2.359244198057387,
    2.323841717190213,
    2.2893383476257325,
    2.278811511654324,
    2.2498605461120604,
    2.2078707865397136,
    2.1819374219258627,
    2.155735272725423,
    2.134610558234321,
    2.1142440754784477,
    2.0881624266730414,
    2.0647235118865965,
    2.044517414135403,
    2.0333401271396214,
    2.003437475077311,
    1.9871929312811958,
    1.969854150560167,
    1.958072025871277,
    1.930483984459771,
    1.9351256584591336,
    1.8959663038889567,
    1.8736046880086263,
    1.8674632767571344,
    1.8512196589575873,
    1.8373581041124132,
    1.8315421114603678,
    1.8041728030734592,
    1.7941781756507025,
    1.7828490895165336,
    1.7750773032718234,
    1.747831873957316,
    1.7406370156817965,
    1.7270716207080417,
    1.7129334155612521,
    1.7001552274915908,
    1.6885863736258613,
    1.6791843978034124,
    1.6655085700564913,
    1.653219789759318,
    1.642937820731269,
    1.6383828436109755,
    1.6250328294965957,
    1.6160979982588026,
    1.6037309044096204,
    1.5880137498219808,
    1.5788338653988307,
    1.5718544514338175,
    1.5597157905578614,
    1.5542831226348877,
    1.5497207754982842,
    1.5385602589713203,
    1.5277971252865261,
    1.5258138799455432,
    1.5141423422707452,
    1.508407454639011,
    1.5007551002290513,
    1.4931659255133736,
    1.484368678771125,
    1.4827088785383435,
    1.4738159356858995,
    1.4703170669555663,
    1.4570505485746597,
    1.4568809783087837,
    1.4557667474746705,
    1.4448562564849854,
    1.4421549956215753,
    1.4371730138990615,
    1.4280380741967096,
    1.4266806421703762,
    1.4133262209150526,
    1.415513441848755,
    1.41081996928321,
    1.4018777205573187,
    1.4078963439941405,
    1.3998834373262194,
    1.3974983038584392,
    1.3936812709384494,
    1.3873838571336534,
    1.3846589735454984,
    1.382448612721761,
    1.3815109561072456,
    1.377794986406962,
    1.374387678443061,
    1.37164075311025,
    1.3685115215301513,
    1.3676268277062311,
    1.3666259383731418,
    1.3608027732425265,
    1.3627596190982394,
    1.3614438632329304,
    1.3608488865746393,
    1.356728819656372,
    1.3565620166354708,
    1.3555788858413695,
    1.3501661192364163,
    1.3510761688656276,
    1.3434412983576456,
    1.3471710986031427,
    1.3511352306365967,
    1.3508788772583007,
    1.3446736097971599,
    1.350633919207255,
    1.3508201178020902,
    1.3453671856350369,
    1.342424252404107,
    1.3459097814983791,
    1.3425738023757934,
    1.3435573771158855
  ],