{
  "config": {
    "dataset": "cifar10",
    "model": "resnet18",
    "optimizer": "LAKTJU_V12",
    "epochs": 200,
    "batch_size": 128,
    "lr": 0.01,
    "weight_decay": 0.0005,
    "seed": 456,
    "save_dir": "./results/v12_round2",
    "data_dir": "./dataset",
    "workers": 4,
    "a_lr_ratio": null,
    "warmup": 20,
    "c_base": 1.0,
    "kappa": 5.0,
    "homotopy_sharpness": 10.0,
    "homotopy_speed": 2.0,
    "kf_damping": 0.001,
    "kf_update_interval": 20,
    "label_smoothing": 0.1,
    "grad_clip": 0.0,
    "sam_rho": 0.0,
    "momentum": 0.9,
    "alpha_kf": 0.15,
    "alpha_adam_kf": 0.05,
    "s_max": 0.7,
    "kf_warmup": 300,
    "cos_sim_threshold": 0.0,
    "kf_clip_max": 50.0,
    "grad_centralization": true,
    "no_grad_centralization": false
  },
  "train_loss": [
    1.7108305819193521,
    1.4362379757351345,
    1.3881562415017021,
    1.3862824078665839,
    1.2591842578676011,
    1.2470094526502822,
    1.0973851824230618,
    1.0373995421939426,
    0.9965335071139866,
    0.9699209577560425,
    0.9422062857839796,
    0.918971020634969,
    0.9026664946026273,
    0.8780277984831069,
    0.8669254698859321,
    0.8516222047593859,
    0.8421558184729682,
    0.8284760072920058,
    0.8148741932339139,
    0.8097930732515123,
    0.8040376687579684,
    0.7911194510777791,
    0.7813051641464234,
    0.7742912401411268,
    0.7700347681681315,
    0.7619765367084079,
    0.7551792375882467,
    0.7507135002348158,
    0.7453923672676086,
    0.7397728666093615,
    0.7333067978117201,
    0.727561628235711,
    0.7260978814866808,
    0.7184741537941827,
    0.7165223787625631,
    0.7126522878964742,
    0.7045508073382908,
    0.7015365319357978,
    0.7011239954630534,
    0.6912724180221558,
    0.6915888580534193,
    0.6923244582070245,
    0.683382920604282,
    0.6839871226628621,
    0.6847232650968763,
    0.6774122535281711,
    0.6767599063979255,
    0.6674940133306715,
    0.6689817636701796,
    0.6675692740334405,
    0.6653212280909221,
    0.6648069028430514,
    0.6620461225721571,
    0.6522042923821343,
    0.6573040565278795,
    0.6535264410972595,
    0.6491038388464186,
    0.6492773597505358,
    0.6507336194992065,
    0.6455202615949842,
    0.6409615715132819,
    0.6384110796080695,
    0.6362928109910753,
    0.6379040491739909,
    0.6346125007311503,
    0.6326022101720175,
    0.6318834765964084,
    0.631347293917338,
    0.628498878203498,
    0.6253087662272984,
    0.6222281270239088,
    0.7879429516686334,
    0.731636544503106,
    0.6673686719894409,
    0.6464519715627034,
    0.8298023956616719,
    0.7611770267274645,
    0.7007988494555155,
    0.6784786353005303,
    0.6950304957283868,
    0.6614982439464993,
    0.6520441475550334,
    0.6458814228163825,
    0.6388513913896349,
    0.638669333797031,
    0.6337423447502984,
    0.6291648815578884,
    0.6305803846995036,
    0.6270789363331265,
    0.6256440297444662,
    0.6366718110084534,
    0.7812573982026841,
    1.0800910312546623,
    0.8459566914452447,
    0.7719495726267497,
    0.7299937054104275,
    0.7096121283849081,
    0.6890381952815585,
    0.6739062981711493,
    0.6659926265504625,
    0.6556585988786485,
    0.6520601898087396,
    0.6432088691075643,
    0.6382218508084615,
    0.6332643340216743,
    0.6301811661614312,
    0.7405410448286268,
    0.7403318915049235,
    0.6780413956112332,
    0.6680210049205356,
    0.6481703803168403,
    0.6346760685073005,
    0.6306135561625162,
    0.6275978496021695,
    0.6227394607014126,
    0.6193038103103637,
    0.6146947588920594,
    0.6103955999586317,
    0.6104220288382636,
    0.6049760145081414,
    0.604319955306583,
    0.6010041848394606,
    0.5985530414369371,
    0.5957063740624322,
    0.5959408348825243,
    0.5945686238606771,
    0.5946176112492879,
    0.5882363102806939,
    0.5881613341649373,
    0.5862935868369209,
    0.5854628745502896,
    0.5839348001374138,
    0.5805942389276293,
    0.5800217493798998,
    0.5776288460095723,
    0.5754740897496541,
    0.5807129805246989,
    0.5793305580033197,
    0.5741314740498861,
    0.5699988214492798,
    0.5684135626686944,
    0.5704826211929321,
    0.5669026936848959,
    0.563953711382548,
    0.5638492628733317,
    0.5635488623831008,
    0.5721383645057678,
    0.5665715943018595,
    0.5625270288891262,
    0.5613251440048218,
    0.5583988880793254,
    0.5590698360972934,
    0.5591694083107842,
    0.558266432401869,
    0.5546604427019755,
    0.5552321062829759,
    0.5538842008166843,
    0.5559644047843085,
    0.552139208316803,
    0.5521533032629224,
    0.5530505334324307,
    0.5517119546678331,
    0.5493547392951118,
    0.5509194080034892,
    0.5472462427563137,
    0.5487969506263732,
    0.545096705532074,
    0.5462538271692065,
    0.5453145199139913,
    0.5454589196099175,
    0.5440993408203125,
    0.5431200230174594,
    0.5435990295092265,
    0.5443484084235297,
    0.5425429492738512,
    0.5430087813589308,
    0.5434576308780247,
    0.5416836185879178,
    0.5410232227007548,
    0.5405899016698201,
    0.5408358224338955,
    0.5394997165679931,
    0.5405390866915385,
    0.540496261384752,
    0.5411358969476487,
    0.5408105020946926,
    0.5384873512056139,
    0.5393668522834778,
    0.5404051925129361,
    0.539029674021403,
    0.5376367475721571,
    0.5384508104430304,
    0.5384836827807956,
    0.5392224483066135,
    0.53920878089269,
    0.5376349810918172,
    0.5377828616460164,
    0.5383480311287774,
    0.5382529790242513,
    0.53812517947091
  ],