{
  "config": {
    "dataset": "cifar10",
    "model": "resnet18",
    "optimizer": "LAKTJU_V12",
    "epochs": 200,
    "batch_size": 128,
    "lr": 0.01,
    "weight_decay": 0.0005,
    "seed": 42,
    "save_dir": "./results/v12_round2",
    "data_dir": "./dataset",
    "workers": 4,
    "a_lr_ratio": null,
    "warmup": 20,
    "c_base": 1.0,
    "kappa": 5.0,
    "homotopy_sharpness": 10.0,
    "homotopy_speed": 2.0,
    "kf_damping": 0.001,
    "kf_update_interval": 20,
    "label_smoothing": 0.1,
    "grad_clip": 0.0,
    "sam_rho": 0.0,
    "momentum": 0.9,
    "alpha_kf": 0.15,
    "alpha_adam_kf": 0.05,
    "s_max": 0.7,
    "kf_warmup": 300,
    "cos_sim_threshold": 0.0,
    "kf_clip_max": 50.0,
    "grad_centralization": true,
    "no_grad_centralization": false
  },
  "train_loss": [
    1.6817561996883816,
    1.414631440120273,
    1.3337311666064793,
    1.2471733447180855,
    1.1882991886350844,
    1.1734987663480971,
    1.1963019070307415,
    1.2120875616073608,
    1.0255016247855293,
    1.0731100050608318,
    0.9808059666951497,
    0.9390433069017199,
    0.911178944545322,
    0.8840679447809855,
    0.8739797066582574,
    0.8561617693689134,
    0.8422211718029446,
    0.8334843207995097,
    0.8198249657313029,
    0.8128020856115553,
    0.8001852622773912,
    0.79578196466234,
    0.7872147245089213,
    0.7784500547620985,
    0.7696688144259982,
    0.7618389681392246,
    0.7578459671232436,
    0.7540496547063191,
    0.7451134111404419,
    0.7369765905380249,
    0.7363812894185384,
    0.7339058804617987,
    0.7228223492516411,
    0.7238433301607767,
    0.7156521192126803,
    0.7108502371893989,
    0.7087770932515463,
    0.7377573753780788,
    1.505936452187432,
    1.032778599940406,
    0.9011341624471876,
    0.8388048932393392,
    0.8001949842347039,
    0.7716758479436239,
    0.7568334039476182,
    0.7500193089167277,
    0.7397076069937812,
    0.7280799551433987,
    0.722813559214274,
    0.7181804210450914,
    0.7143809832572937,
    0.7056306924396091,
    0.7021661015192667,
    0.6986497894922892,
    0.6964398911794026,
    0.6877155157936944,
    0.6861884012752109,
    0.6804830084588792,
    0.6753348669158088,
    0.6743417427486843,
    0.6719857533560859,
    0.6672577622519599,
    0.6620244445164999,
    0.663704936504364,
    0.6580902513080173,
    0.654446276304457,
    0.6517223821322123,
    0.6519880081600613,
    0.6481715572463141,
    0.6448227419641283,
    0.6404163214789497,
    1.5887306955125597,
    2.063949754969279,
    1.9207378478791979,
    1.7912955355326334,
    1.6827323982662625,
    1.6004035062154134,
    1.5327933325873482,
    1.476333275349935,
    1.4171738285064697,
    1.365825124443902,
    1.3188886640760633,
    1.2777444574991863,
    1.2443872444152833,
    1.20806917552948,
    1.1820535950130886,
    1.150838149494595,
    1.1310749195522731,
    1.1037872818205092,
    1.0815378782060412,
    1.6647623739878337,
    1.6991556268056234,
    1.555813601726956,
    1.4642455784691704,
    1.4041717342800564,
    1.3493026087019178,
    1.3058687069998847,
    1.269948122045729,
    1.2445257713741726,
    1.2155271191491022,
    1.2414370467291937,
    1.191317529932658,
    1.1716132450315688,
    1.152715056906806,
    1.1333954434076945,
    1.119988341055976,
    1.105342060576545,
    1.0912590848286947,
    1.0763357125176323,
    1.0655414313846163,
    1.0520625264909533,
    1.0418876096513536,
    1.0363567824469673,
    1.0293733897315132,
    1.0087492902119954,
    0.9983511767705282,
    0.9897100534015232,
    0.979040770096249,
    0.967496088133918,
    0.9551270476235284,
    0.9510048587799073,
    0.9426661689334446,
    0.93613888302909,
    0.9229963287565444,
    0.9189299621793959,
    0.9109117458979289,
    0.9026908025741577,
    0.8929059450361464,
    0.8878896659109328,
    0.8798276217778523,
    0.8779957577387492,
    0.8657370972421434,
    0.8620881553967794,
    0.8532884399202135,
    0.8466430838796828,
    0.8409089018291898,
    0.8430669843461779,
    0.8335121322102017,
    0.8336728433291117,
    0.8380092419730293,
    0.8335824174139235,
    0.8189400086720785,
    0.8180628444247776,
    0.8110613509919908,
    0.8098771335283915,
    0.8044174692789714,
    0.7981861437479655,
    0.795612126074897,
    0.7917085257424249,
    0.7932545441309611,
    0.7849478230158488,
    0.7838157215754191,
    0.7825674262152778,
    0.7765741218778822,
    0.7725136570400661,
    0.7755733537250095,
    0.7719963878207736,
    0.8153420995394389,
    0.8077405114385817,
    0.7947796909968058,
    0.7871526188532512,
    0.7770777068456014,
    0.7767956963645087,
    0.7694757549073961,
    0.7721790528297424,
    0.7666293025546603,
    0.7658042761802674,
    0.7621800825966729,
    0.7612858258247376,
    0.7593416658189561,
    0.7570276802062988,
    0.7567430637359619,
    0.7540240747133891,
    0.7488640082889133,
    0.7496791286044651,
    0.7491723779360453,
    0.7481945320129395,
    0.7459346984439426,
    0.752598614692688,
    0.7470863990147909,
    0.7436343047671848,
    0.7424634372923109,
    0.7405380873362223,
    0.7429217638545567,
    0.7384550526089139,
    0.7413611192279392,
    0.7396425870047675,
    0.7399723087204827,
    0.737737148030599,
    0.7386466826226976,
    0.7354550515174866,
    0.738161350663503,
    0.7366715942170885,
    0.7349069072829353,
    0.7363887268914117,
    0.7368626790152656,
    0.7358912952846951,
    0.731059140671624,
    0.737970970831977,
    0.731588421259986
  ],