{
  "config": {
    "dataset": "cifar100",
    "model": "resnet18",
    "optimizer": "LAKTJU_V12",
    "epochs": 200,
    "batch_size": 128,
    "lr": 0.01,
    "weight_decay": 0.0005,
    "seed": 42,
    "save_dir": "./results/v12_round2",
    "data_dir": "./dataset",
    "workers": 4,
    "a_lr_ratio": null,
    "warmup": 20,
    "c_base": 1.0,
    "kappa": 5.0,
    "homotopy_sharpness": 10.0,
    "homotopy_speed": 2.0,
    "kf_damping": 0.001,
    "kf_update_interval": 20,
    "label_smoothing": 0.1,
    "grad_clip": 0.0,
    "sam_rho": 0.05,
    "momentum": 0.9,
    "alpha_kf": 0.15,
    "alpha_adam_kf": 0.05,
    "s_max": 0.7,
    "kf_warmup": 300,
    "cos_sim_threshold": 0.0,
    "kf_clip_max": 50.0,
    "grad_centralization": true,
    "no_grad_centralization": false
  },
  "train_loss": [
    4.057572825283474,
    3.866102705128988,
    3.9973181146409775,
    4.923792850579156,
    4.610705309973823,
    4.572839722866482,
    4.544930339728461,
    4.511184737141927,
    4.470818394724528,
    4.440395415496826,
    4.410440944163004,
    4.381616181521945,
    4.3545322396172415,
    4.324450569915771,
    4.297289076063368,
    4.266891381496853,
    4.235510594092475,
    4.205583099704318,
    4.176082815551758,
    4.144527901034885,
    4.106496397399902,
    4.07256043870714,
    4.0326565104166665,
    3.9872667234632706,
    3.9385646373324925,
    3.884190750969781,
    3.8304071364508734,
    3.767474025132921,
    3.7196968638102215,
    3.6515302260080973,
    3.5852194563971627,
    3.5300237547980413,
    3.4628626766204835,
    3.4071640622456867,
    3.3477435324774847,
    3.394993076663547,
    3.76110700217353,
    3.468564667341444,
    3.3630132195366755,
    3.296441366238064,
    3.2340697604709203,
    3.177199389775594,
    3.1364941853841146,
    3.0912811553531223,
    3.0495702852037216,
    3.0050483558654784,
    2.9650223868476018,
    2.9267807388305664,
    2.886876685333252,
    2.842112809668647,
    2.806006505754259,
    2.764917091793484,
    3.110090692859226,
    2.927644417148166,
    2.815872429148356,
    2.763729079013401,
    2.7208273065778945,
    2.683233776219686,
    2.6467288175370958,
    2.612309516482883,
    2.5808460911220976,
    2.5605935860527884,
    2.5271910298665365,
    2.5010306085798475,
    2.471988588968913,
    2.5218267668830023,
    2.465294987572564,
    2.422764707056681,
    2.391474917984009,
    2.365542203776042,
    2.3428194798363577,
    2.32160365202162,
    2.2970970845540366,
    2.2743387064615885,
    2.253623941930135,
    2.233881857808431,
    2.211200655810038,
    2.181905965762668,
    2.1696407183329263,
    2.1627974505530463,
    2.1299185232374405,
    2.104978598658244,
    2.087854662153456,
    2.0642298694822525,
    2.6368270408206516,
    2.4728983119540744,
    2.307587259801229,
    2.221298600048489,
    2.1683989762624103,
    2.1307844237857396,
    2.1366225903405085,
    2.0852442206488715,
    2.055647815216912,
    2.130866621398926,
    2.0660701349894204,
    2.0330612815856934,
    2.003636441230774,
    1.9868668874316746,
    1.9642831550598145,
    1.9516859825981987,
    1.9314866230222913,
    2.0596854066636827,
    2.4372397258758545,
    2.2289416970147027,
    2.1407448655022514,
    2.093075204934014,
    2.0496428244696725,
    2.0266318695704144,
    1.9995716146257188,
    1.9740594497680664,
    1.9506786948945787,
    1.9415702894422744,
    1.918500910949707,
    1.9005649346245659,
    1.8904758087158202,
    1.8699274452633328,
    1.8626205082363552,
    1.8434722845289442,
    1.841211625819736,
    1.8192895622677274,
    1.8082467938317193,
    1.7969984419080947,
    1.7852092622121176,
    1.7720019046995374,
    1.7606517244127062,
    1.7511367276933458,
    1.7394488487243653,
    1.728658510653178,
    1.7180792423672147,
    1.7142212633344862,
    1.6964860655466716,
    1.6873384216520522,
    1.6750767350938585,
    1.6614789131588406,
    1.656129051123725,
    1.6505411242167154,
    1.640941909366184,
    1.6321305135938857,
    1.6238655591328939,
    1.6124019533793132,
    1.6082085960812038,
    1.6087972264183892,
    1.5879945604536267,
    1.5827139233059353,
    1.5767245857874552,
    1.5721240820990667,
    1.5655467382642958,
    1.5617819577111138,
    1.5510048435635038,
    1.54372123658922,
    1.5360671227561102,
    1.5383279131147596,
    1.5262212713665433,
    1.526070494418674,
    1.5187304587894015,
    1.5165433479309083,
    1.5041815329233805,
    1.5032267173343234,
    1.4991831295225355,
    1.4947274752934774,
    1.491528769132826,
    1.4863436494403415,
    1.4805398758570354,
    1.4786563655641345,
    1.4739511779149372,
    1.469005114279853,
    1.4718438162697687,
    1.4582590873718262,
    1.463234238688151,
    1.4582770676294963,
    1.4540507940928142,
    1.4525028156280517,
    1.4455782196044922,
    1.4465649794472588,
    1.4470551006317138,
    1.4442694711897108,
    1.442903587574429,
    1.4365827064938015,
    1.4408252126905654,
    1.4363356706407335,
    1.437353986422221,
    1.4361389196183947,
    1.4286933537165325,
    1.4312662041134305,
    1.4249941727744209,
    1.4306382424884372,
    1.4275947717878554,
    1.4192283697340224,
    1.4237860366821289,
    1.4197692847357857,
    1.4254038585662843,
    1.4250801948123508,
    1.420631768629286,
    1.4185618107477824,
    1.4252546610938177,
    1.4211691905763415,
    1.416143834177653,
    1.4169090849134658,
    1.4231953851275974,
    1.4224415809207493
  ],