{
  "config": {
    "dataset": "cifar100",
    "model": "resnet18",
    "optimizer": "LAKTJU_V12",
    "epochs": 200,
    "batch_size": 128,
    "lr": 0.01,
    "weight_decay": 0.0005,
    "seed": 123,
    "save_dir": "./results/v12_round2",
    "data_dir": "./dataset",
    "workers": 4,
    "a_lr_ratio": null,
    "warmup": 20,
    "c_base": 1.0,
    "kappa": 5.0,
    "homotopy_sharpness": 10.0,
    "homotopy_speed": 2.0,
    "kf_damping": 0.001,
    "kf_update_interval": 20,
    "label_smoothing": 0.1,
    "grad_clip": 0.0,
    "sam_rho": 0.05,
    "momentum": 0.9,
    "alpha_kf": 0.15,
    "alpha_adam_kf": 0.05,
    "s_max": 0.7,
    "kf_warmup": 300,
    "cos_sim_threshold": 0.0,
    "kf_clip_max": 50.0,
    "grad_centralization": true,
    "no_grad_centralization": false
  },
  "train_loss": [
    4.104738726637098,
    4.259034822252062,
    4.244290151807997,
    4.180153754425048,
    4.126431634691026,
    4.06547657945421,
    4.003505286407471,
    3.937400686899821,
    3.842860722096761,
    3.7566811584472655,
    3.657899644470215,
    3.562119266764323,
    3.4728290752834745,
    5.001740904490153,
    4.58637000579834,
    4.561781896379259,
    4.538522090996636,
    4.509941762627496,
    4.476032610405816,
    4.437739546118842,
    4.396509816911485,
    4.35576207224528,
    4.319752058919271,
    4.286741484239366,
    4.255043526373969,
    4.219940647125244,
    4.177655729505751,
    4.140650592803955,
    4.097585012817383,
    4.049425464206272,
    3.9968351257324217,
    3.935830164803399,
    3.8771854249742295,
    3.8094215192159018,
    3.750774254904853,
    3.69277198554145,
    3.6304763449774846,
    3.565785886552599,
    3.509402271609836,
    3.4477999373118084,
    3.386487362543742,
    3.324929159376356,
    3.263572911834717,
    3.2014087684631347,
    3.139743980492486,
    3.0820836390601265,
    3.0172737497117783,
    2.966293197631836,
    2.9062689929962158,
    2.8571591514587404,
    2.803432588789198,
    2.7468034318288166,
    2.705074865002102,
    3.49438380762736,
    3.48064090707567,
    3.155028640323215,
    2.9818888819376625,
    2.875897233666314,
    2.8098764342414007,
    2.7472138008117675,
    2.699876987202962,
    2.6542629965464273,
    2.6449234632703993,
    2.5882639432271324,
    2.5394163904825846,
    2.5065013241238066,
    2.478078038745456,
    2.4458814270019533,
    2.4207196112738716,
    2.3838378835890026,
    2.3592848419189454,
    2.332256436453925,
    2.3040669873131647,
    2.2750914654201932,
    2.2515673879835343,
    2.223333862982856,
    2.203620526716444,
    2.167651622687446,
    2.1472153485192194,
    2.116231752946642,
    2.9962646792093914,
    2.6979775672064887,
    2.456883171420627,
    2.347894757419162,
    2.2636890360514323,
    2.2115843197292753,
    2.1709039721594916,
    2.623107701619466,
    2.4653443079630533,
    2.297484665722317,
    2.22421710840861,
    2.1727482568952774,
    2.140415317662557,
    2.1077206962161594,
    2.083489246749878,
    2.0632870213190713,
    2.041950177552965,
    2.0157552189297148,
    1.9895482202953763,
    1.9732684396107991,
    1.9580640794118245,
    1.9349687033759224,
    1.9190194911321004,
    1.9034177040523952,
    1.878201543129815,
    1.8681022903866238,
    1.8504426998986139,
    1.8396685044818455,
    1.8210721229341296,
    1.8076353765699598,
    1.7849724115583632,
    1.7773192989349365,
    1.7628666015836927,
    1.7427120512220595,
    1.7282999858432346,
    1.7158804206000433,
    1.7034220125198365,
    1.6919167444864909,
    1.6794274606492785,
    1.668265503523085,
    1.657610536066691,
    1.6395795218361748,
    1.6313382300482855,
    1.6246948216756185,
    1.6164062010659113,
    1.6021879557291667,
    1.5921475680881076,
    1.5801477531433106,
    1.5699011011335584,
    1.5590613194147747,
    1.550876657401191,
    1.539181167178684,
    1.5265737172656588,
    1.5432854995303684,
    1.5284559750239055,
    1.5102530116399129,
    1.5034598834779527,
    1.5730823916329277,
    1.6656493931452434,
    1.6104292799843682,
    1.561171332338121,
    1.5438689710405138,
    1.5170036576165093,
    1.506018483988444,
    1.4936994585884942,
    1.4824958434634739,
    1.4770293336232503,
    1.4815991843329535,
    1.4746679274664984,
    1.4626738412221272,
    1.4521395536210802,
    1.4493502489301893,
    1.44108756980896,
    1.4326191249423557,
    1.4298192380693224,
    1.4267828447553847,
    1.4174883735020956,
    1.4168019163767496,
    1.4089454737345377,
    1.4056248663160535,
    1.3982827448738946,
    1.3945814213646783,
    1.389589883740743,
    1.3877017562866212,
    1.3798858222325643,
    1.3746883557213678,
    1.3720136588202583,
    1.3736240498224894,
    1.3728154572168987,
    1.3623504666434394,
    1.3619315823872884,
    1.3549417043473986,
    1.3574968999226888,
    1.356019260236952,
    1.3502927177641126,
    1.3468150755988226,
    1.3479438863542346,
    1.3462105593999227,
    1.3441210699717203,
    1.3395165904574924,
    1.3420022097269695,
    1.339612972852919,
    1.336972634018792,
    1.3353368732240465,
    1.333687402534485,
    1.3288290783776178,
    1.333610845481025,
    1.3343424390157064,
    1.3320673543082344,
    1.3303582345750598,
    1.3239047084384494,
    1.3273676397535537,
    1.3250731461842855,
    1.3289083297517565,
    1.3269282393137614,
    1.3283323930104574,
    1.327099590534634,
    1.3262899260203043,
    1.3264069633695814,
    1.3256034775204129
  ],