{
  "config": {
    "dataset": "cifar100",
    "model": "resnet18",
    "optimizer": "LAKTJU_V9",
    "epochs": 50,
    "batch_size": 128,
    "lr": 0.02,
    "weight_decay": 0.001,
    "seed": 42,
    "save_dir": "./results/v9_round1",
    "data_dir": "./dataset",
    "workers": 2,
    "a_lr_ratio": 0.33,
    "warmup": 100,
    "c_base": 1.0,
    "kappa": 5.0,
    "homotopy_sharpness": 10.0,
    "homotopy_speed": 5.0,
    "kf_damping": 0.001,
    "kf_update_interval": 20,
    "label_smoothing": 0.1,
    "grad_clip": 0.0,
    "sam_rho": 0.0,
    "momentum": 0.9,
    "alpha_kf": 0.3,
    "alpha_adam_kf": 0.05,
    "s_max": 0.7
  },
  "train_loss": [
    4.483853472561306,
    4.045055076556736,
    3.6740961989508736,
    3.416493778355916,
    3.197832889811198,
    3.0215460314856637,
    2.873060905795627,
    2.7581566886478,
    2.6741719083574083,
    2.592384819285075,
    2.4972015669504803,
    2.436022739961412,
    2.365362953652276,
    2.2991735201093886,
    2.245362230767144,
    2.1893592914581297,
    2.13762976659139,
    2.0761907477908665,
    2.028370885297987,
    1.9763253863016765,
    1.9272987147861056,
    1.8801603071424695,
    1.8253441861894395,
    1.78118758131663,
    1.7377714690314399,
    1.6923738415612115,
    1.6380367555406359,
    1.5989309184604221,
    1.5614414506488377,
    1.515300438478258,
    1.4824388812171088,
    1.4376825223286946,
    1.4085918061998155,
    1.3656899507522584,
    1.3452579546186658,
    1.3076155201170179,
    1.2859679303910998,
    1.258488550737169,
    1.2332763017018635,
    1.2214884180280898,
    1.2034909992429945,
    1.1820227401097616,
    1.1701544093873766,
    1.1621500247107612,
    1.1473461848153008,
    1.1447530522028606,
    1.1378591640260485,
    1.1346041701846652,
    1.126132457224528,
    1.127567286682129
  ],
  "valid_loss": [
    4.455697104644775,
    3.834650846862793,
    3.6046163440704344,
    3.437651475143433,
    3.185916444015503,
    2.886486989593506,
    2.8242657566070557,
    2.6979801288604737,
    2.673087331008911,
    2.5268003883361816,
    2.666143295288086,
    2.421936957168579,
    2.378472608947754,
    2.3668711627960204,
    2.2782972290039063,
    2.2994455074310305,
    2.2074734352111816,
    2.1905609485626223,
    2.175215525817871,
    2.1603639741897585,
    2.1215281047821044,
    2.1183207347869875,
    2.105644962310791,
    2.0449608100891115,
    2.065979458999634,
    2.0461476963043213,
    2.021923530578613,
    2.0170111330032348,
    1.996207633972168,
    1.965139499092102,
    1.981647720336914,
    1.939908759689331,
    1.9287511184692383,
    1.931931653213501,
    1.921310573196411,
    1.8962584169387817,
    1.9158663707733155,
    1.8947906513214112,
    1.8796105472564697,
    1.87921653175354,
    1.8799861686706543,
    1.8758791011810303,
    1.8799976608276368,
    1.8697523189544678,
    1.8709082256317138,
    1.8678197999954225,
    1.8615046619415283,
    1.860869834136963,
    1.867926819229126,
    1.8646370624542237
  ],
  "valid_acc": [
    9.84,
    19.42,
    26.3,
    27.74,
    34.46,
    41.3,
    43.72,
    47.0,
    47.48,
    52.96,
    51.26,
    54.66,
    55.54,
    55.78,
    58.66,
    57.86,
    59.84,
    60.64,
    61.26,
    61.08,
    62.14,
    62.8,
    62.84,
    63.88,
    64.16,
    64.6,
    65.2,
    65.04,
    65.92,
    67.46,
    66.3,
    67.6,
    67.64,
    67.86,
    67.9,
    68.9,
    69.04,
    69.04,
    69.26,
    69.36,
    69.44,
    69.72,
    69.64,
    69.78,
    69.78,
    70.06,
    70.12,
    69.98,
    69.74,
    69.96
  ],
  "test_acc": [
    0.0,
    0.0,
    0.0,
    0.0,
    0.0,
    0.0,
    0.0,
    0.0,
    0.0,
    51.27,
    51.27,
    51.27,
    51.27,
    51.27,
    51.27,
    51.27,
    51.27,
    51.27,
    51.27,
    61.18,
    61.18,
    61.18,
    61.18,
    61.18,
    64.19,
    64.19,
    64.19,
    64.19,
    64.19,
    66.17,
    66.17,
    66.17,
    66.17,
    66.17,
    66.17,
    66.17,
    66.17,
    66.17,
    66.17,
    68.59,
    68.59,
    68.59,
    68.59,
    68.59,
    68.59,
    68.59,
    68.59,
    68.59,
    68.59,
    68.83
  ],
  "epoch_time": [
    95.51554608345032,
    107.25989317893982,
    106.2177426815033,
    107.20087194442749,
    107.0445294380188,
    106.61814045906067,
    107.16815686225891,
    106.33903360366821,
    107.20769786834717,
    108.26373362541199,
    106.42534589767456,
    107.11673784255981,
    106.35911750793457,
    106.91380524635315,
    107.09323930740356,
    106.2628026008606,
    106.92685389518738,
    106.23950839042664,
    106.82344770431519,
    108.52354264259338,
    106.06904530525208,
    107.11152935028076,
    106.17266511917114,
    107.15765762329102,
    109.33537793159485,
    106.5114905834198,
    106.91936326026917,
    106.30850005149841,
    106.9065055847168,
    108.41018867492676,
    106.51412773132324,
    106.8965265750885,
    106.55334973335266,
    107.15912389755249,
    98.23717761039734,
    84.10841369628906,
    84.60351896286011,
    84.11184597015381,
    84.51371622085571,
    85.82630181312561,
    84.09192562103271,
    84.44326210021973,
    83.97057843208313,
    84.59997820854187,
    84.59078979492188,
    84.15220308303833,
    84.52288150787354,
    84.10255575180054,
    84.60306549072266,
    77.9885311126709
  ],
  "best_valid_acc": 70.12,
  "best_test_acc": 68.7
}